bucket,src,dst,status,note
commercial,/Users/anmoldeshmukh/ASU/LEAPS/EWELD/Electricity Consumption/datasets/I/I56 Food and beverage service activities/U276.csv,/Users/anmoldeshmukh/ASU/LEAPS/EWELD/categories/commercial/I/I56 Food and beverage service activities/U276.csv,moved,
commercial,/Users/anmoldeshmukh/ASU/LEAPS/EWELD/Electricity Consumption/datasets/I/I56 Food and beverage service activities/U277.csv,/Users/anmoldeshmukh/ASU/LEAPS/EWELD/categories/commercial/I/I56 Food and beverage service activities/U277.csv,moved,
commercial,/Users/anmoldeshmukh/ASU/LEAPS/EWELD/Electricity Consumption/datasets/I/I56 Food and beverage service activities/U279.csv,/Users/anmoldeshmukh/ASU/LEAPS/EWELD/categories/commercial/I/I56 Food and beverage service activities/U279.csv,moved,
commercial,/Users/anmoldeshmukh/ASU/LEAPS/EWELD/Electricity Consumption/datasets/I/I56 Food and beverage service activities/U278.csv,/Users/anmoldeshmukh/ASU/LEAPS/EWELD/categories/commercial/I/I56 Food and beverage service activities/U278.csv,moved,
commercial,/Users/anmoldeshmukh/ASU/LEAPS/EWELD/Electricity Consumption/datasets/I/I55 Accommodation/U275.csv,/Users/anmoldeshmukh/ASU/LEAPS/EWELD/categories/commercial/I/I55 Accommodation/U275.csv,moved,
commercial,/Users/anmoldeshmukh/ASU/LEAPS/EWELD/Electricity Consumption/datasets/I/I55 Accommodation/U274.csv,/Users/anmoldeshmukh/ASU/LEAPS/EWELD/categories/commercial/I/I55 Accommodation/U274.csv,moved,
commercial,"/Users/anmoldeshmukh/ASU/LEAPS/EWELD/Electricity Consumption/datasets/N/N82 Office administrative, office support and other business support activities/U357.csv","/Users/anmoldeshmukh/ASU/LEAPS/EWELD/categories/commercial/N/N82 Office administrative, office support and other business support activities/U357.csv",moved,
commercial,"/Users/anmoldeshmukh/ASU/LEAPS/EWELD/Electricity Consumption/datasets/N/N82 Office administrative, office support and other business support activities/U356.csv","/Users/anmoldeshmukh/ASU/LEAPS/EWELD/categories/commercial/N/N82 Office administrative, office support and other business support activities/U356.csv",moved,
commercial,"/Users/anmoldeshmukh/ASU/LEAPS/EWELD/Electricity Consumption/datasets/N/N82 Office administrative, office support and other business support activities/U355.csv","/Users/anmoldeshmukh/ASU/LEAPS/EWELD/categories/commercial/N/N82 Office administrative, office support and other business support activities/U355.csv",moved,
commercial,/Users/anmoldeshmukh/ASU/LEAPS/EWELD/Electricity Consumption/datasets/N/N80 Security and investigation activities/U354.csv,/Users/anmoldeshmukh/ASU/LEAPS/EWELD/categories/commercial/N/N80 Security and investigation activities/U354.csv,moved,
commercial,/Users/anmoldeshmukh/ASU/LEAPS/EWELD/Electricity Consumption/datasets/G/G45 Wholesale and retail trade and repair of motor vehicles and motorcycles/U267.csv,/Users/anmoldeshmukh/ASU/LEAPS/EWELD/categories/commercial/G/G45 Wholesale and retail trade and repair of motor vehicles and motorcycles/U267.csv,moved,
commercial,/Users/anmoldeshmukh/ASU/LEAPS/EWELD/Electricity Consumption/datasets/G/G45 Wholesale and retail trade and repair of motor vehicles and motorcycles/U266.csv,/Users/anmoldeshmukh/ASU/LEAPS/EWELD/categories/commercial/G/G45 Wholesale and retail trade and repair of motor vehicles and motorcycles/U266.csv,moved,
commercial,/Users/anmoldeshmukh/ASU/LEAPS/EWELD/Electricity Consumption/datasets/G/G45 Wholesale and retail trade and repair of motor vehicles and motorcycles/U264.csv,/Users/anmoldeshmukh/ASU/LEAPS/EWELD/categories/commercial/G/G45 Wholesale and retail trade and repair of motor vehicles and motorcycles/U264.csv,moved,
commercial,/Users/anmoldeshmukh/ASU/LEAPS/EWELD/Electricity Consumption/datasets/G/G45 Wholesale and retail trade and repair of motor vehicles and motorcycles/U270.csv,/Users/anmoldeshmukh/ASU/LEAPS/EWELD/categories/commercial/G/G45 Wholesale and retail trade and repair of motor vehicles and motorcycles/U270.csv,moved,
commercial,/Users/anmoldeshmukh/ASU/LEAPS/EWELD/Electricity Consumption/datasets/G/G45 Wholesale and retail trade and repair of motor vehicles and motorcycles/U265.csv,/Users/anmoldeshmukh/ASU/LEAPS/EWELD/categories/commercial/G/G45 Wholesale and retail trade and repair of motor vehicles and motorcycles/U265.csv,moved,
commercial,/Users/anmoldeshmukh/ASU/LEAPS/EWELD/Electricity Consumption/datasets/G/G45 Wholesale and retail trade and repair of motor vehicles and motorcycles/U268.csv,/Users/anmoldeshmukh/ASU/LEAPS/EWELD/categories/commercial/G/G45 Wholesale and retail trade and repair of motor vehicles and motorcycles/U268.csv,moved,
commercial,/Users/anmoldeshmukh/ASU/LEAPS/EWELD/Electricity Consumption/datasets/G/G45 Wholesale and retail trade and repair of motor vehicles and motorcycles/U269.csv,/Users/anmoldeshmukh/ASU/LEAPS/EWELD/categories/commercial/G/G45 Wholesale and retail trade and repair of motor vehicles and motorcycles/U269.csv,moved,
commercial,/Users/anmoldeshmukh/ASU/LEAPS/EWELD/Electricity Consumption/datasets/S/S96 Other personal service activities/U386.csv,/Users/anmoldeshmukh/ASU/LEAPS/EWELD/categories/commercial/S/S96 Other personal service activities/U386.csv,moved,
commercial,/Users/anmoldeshmukh/ASU/LEAPS/EWELD/Electricity Consumption/datasets/S/S96 Other personal service activities/U385.csv,/Users/anmoldeshmukh/ASU/LEAPS/EWELD/categories/commercial/S/S96 Other personal service activities/U385.csv,moved,
industrial,"/Users/anmoldeshmukh/ASU/LEAPS/EWELD/Electricity Consumption/datasets/A/A01 Crop and animal production, hunting and related service activities/U4.csv","/Users/anmoldeshmukh/ASU/LEAPS/EWELD/categories/industrial/A/A01 Crop and animal production, hunting and related service activities/U4.csv",moved,
industrial,"/Users/anmoldeshmukh/ASU/LEAPS/EWELD/Electricity Consumption/datasets/A/A01 Crop and animal production, hunting and related service activities/U1.csv","/Users/anmoldeshmukh/ASU/LEAPS/EWELD/categories/industrial/A/A01 Crop and animal production, hunting and related service activities/U1.csv",moved,
industrial,"/Users/anmoldeshmukh/ASU/LEAPS/EWELD/Electricity Consumption/datasets/A/A01 Crop and animal production, hunting and related service activities/U2.csv","/Users/anmoldeshmukh/ASU/LEAPS/EWELD/categories/industrial/A/A01 Crop and animal production, hunting and related service activities/U2.csv",moved,
industrial,"/Users/anmoldeshmukh/ASU/LEAPS/EWELD/Electricity Consumption/datasets/A/A01 Crop and animal production, hunting and related service activities/U3.csv","/Users/anmoldeshmukh/ASU/LEAPS/EWELD/categories/industrial/A/A01 Crop and animal production, hunting and related service activities/U3.csv",moved,
industrial,/Users/anmoldeshmukh/ASU/LEAPS/EWELD/Electricity Consumption/datasets/A/A02 Forestry and logging/U8.csv,/Users/anmoldeshmukh/ASU/LEAPS/EWELD/categories/industrial/A/A02 Forestry and logging/U8.csv,moved,
industrial,/Users/anmoldeshmukh/ASU/LEAPS/EWELD/Electricity Consumption/datasets/A/A02 Forestry and logging/U9.csv,/Users/anmoldeshmukh/ASU/LEAPS/EWELD/categories/industrial/A/A02 Forestry and logging/U9.csv,moved,
industrial,/Users/anmoldeshmukh/ASU/LEAPS/EWELD/Electricity Consumption/datasets/A/A02 Forestry and logging/U10.csv,/Users/anmoldeshmukh/ASU/LEAPS/EWELD/categories/industrial/A/A02 Forestry and logging/U10.csv,moved,
industrial,/Users/anmoldeshmukh/ASU/LEAPS/EWELD/Electricity Consumption/datasets/A/A02 Forestry and logging/U7.csv,/Users/anmoldeshmukh/ASU/LEAPS/EWELD/categories/industrial/A/A02 Forestry and logging/U7.csv,moved,
industrial,/Users/anmoldeshmukh/ASU/LEAPS/EWELD/Electricity Consumption/datasets/A/A02 Forestry and logging/U6.csv,/Users/anmoldeshmukh/ASU/LEAPS/EWELD/categories/industrial/A/A02 Forestry and logging/U6.csv,moved,
industrial,/Users/anmoldeshmukh/ASU/LEAPS/EWELD/Electricity Consumption/datasets/A/A02 Forestry and logging/U5.csv,/Users/anmoldeshmukh/ASU/LEAPS/EWELD/categories/industrial/A/A02 Forestry and logging/U5.csv,moved,
industrial,/Users/anmoldeshmukh/ASU/LEAPS/EWELD/Electricity Consumption/datasets/F/F43 Specialized construction activities/U263.csv,/Users/anmoldeshmukh/ASU/LEAPS/EWELD/categories/industrial/F/F43 Specialized construction activities/U263.csv,moved,
industrial,/Users/anmoldeshmukh/ASU/LEAPS/EWELD/Electricity Consumption/datasets/F/F42 Civil engineering/U261.csv,/Users/anmoldeshmukh/ASU/LEAPS/EWELD/categories/industrial/F/F42 Civil engineering/U261.csv,moved,
industrial,/Users/anmoldeshmukh/ASU/LEAPS/EWELD/Electricity Consumption/datasets/F/F42 Civil engineering/U262.csv,/Users/anmoldeshmukh/ASU/LEAPS/EWELD/categories/industrial/F/F42 Civil engineering/U262.csv,moved,
industrial,/Users/anmoldeshmukh/ASU/LEAPS/EWELD/Electricity Consumption/datasets/F/F41 Construction of buildings/U260.csv,/Users/anmoldeshmukh/ASU/LEAPS/EWELD/categories/industrial/F/F41 Construction of buildings/U260.csv,moved,
commercial,/Users/anmoldeshmukh/ASU/LEAPS/EWELD/Electricity Consumption/datasets/O/O84 Public administration and defence; compulsory social security/U362.csv,/Users/anmoldeshmukh/ASU/LEAPS/EWELD/categories/commercial/O/O84 Public administration and defence; compulsory social security/U362.csv,moved,
commercial,/Users/anmoldeshmukh/ASU/LEAPS/EWELD/Electricity Consumption/datasets/O/O84 Public administration and defence; compulsory social security/U363.csv,/Users/anmoldeshmukh/ASU/LEAPS/EWELD/categories/commercial/O/O84 Public administration and defence; compulsory social security/U363.csv,moved,
commercial,/Users/anmoldeshmukh/ASU/LEAPS/EWELD/Electricity Consumption/datasets/O/O84 Public administration and defence; compulsory social security/U361.csv,/Users/anmoldeshmukh/ASU/LEAPS/EWELD/categories/commercial/O/O84 Public administration and defence; compulsory social security/U361.csv,moved,
commercial,/Users/anmoldeshmukh/ASU/LEAPS/EWELD/Electricity Consumption/datasets/O/O84 Public administration and defence; compulsory social security/U374.csv,/Users/anmoldeshmukh/ASU/LEAPS/EWELD/categories/commercial/O/O84 Public administration and defence; compulsory social security/U374.csv,moved,
commercial,/Users/anmoldeshmukh/ASU/LEAPS/EWELD/Electricity Consumption/datasets/O/O84 Public administration and defence; compulsory social security/U360.csv,/Users/anmoldeshmukh/ASU/LEAPS/EWELD/categories/commercial/O/O84 Public administration and defence; compulsory social security/U360.csv,moved,
commercial,/Users/anmoldeshmukh/ASU/LEAPS/EWELD/Electricity Consumption/datasets/O/O84 Public administration and defence; compulsory social security/U364.csv,/Users/anmoldeshmukh/ASU/LEAPS/EWELD/categories/commercial/O/O84 Public administration and defence; compulsory social security/U364.csv,moved,
commercial,/Users/anmoldeshmukh/ASU/LEAPS/EWELD/Electricity Consumption/datasets/O/O84 Public administration and defence; compulsory social security/U370.csv,/Users/anmoldeshmukh/ASU/LEAPS/EWELD/categories/commercial/O/O84 Public administration and defence; compulsory social security/U370.csv,moved,
commercial,/Users/anmoldeshmukh/ASU/LEAPS/EWELD/Electricity Consumption/datasets/O/O84 Public administration and defence; compulsory social security/U358.csv,/Users/anmoldeshmukh/ASU/LEAPS/EWELD/categories/commercial/O/O84 Public administration and defence; compulsory social security/U358.csv,moved,
commercial,/Users/anmoldeshmukh/ASU/LEAPS/EWELD/Electricity Consumption/datasets/O/O84 Public administration and defence; compulsory social security/U359.csv,/Users/anmoldeshmukh/ASU/LEAPS/EWELD/categories/commercial/O/O84 Public administration and defence; compulsory social security/U359.csv,moved,
commercial,/Users/anmoldeshmukh/ASU/LEAPS/EWELD/Electricity Consumption/datasets/O/O84 Public administration and defence; compulsory social security/U371.csv,/Users/anmoldeshmukh/ASU/LEAPS/EWELD/categories/commercial/O/O84 Public administration and defence; compulsory social security/U371.csv,moved,
commercial,/Users/anmoldeshmukh/ASU/LEAPS/EWELD/Electricity Consumption/datasets/O/O84 Public administration and defence; compulsory social security/U365.csv,/Users/anmoldeshmukh/ASU/LEAPS/EWELD/categories/commercial/O/O84 Public administration and defence; compulsory social security/U365.csv,moved,
commercial,/Users/anmoldeshmukh/ASU/LEAPS/EWELD/Electricity Consumption/datasets/O/O84 Public administration and defence; compulsory social security/U373.csv,/Users/anmoldeshmukh/ASU/LEAPS/EWELD/categories/commercial/O/O84 Public administration and defence; compulsory social security/U373.csv,moved,
commercial,/Users/anmoldeshmukh/ASU/LEAPS/EWELD/Electricity Consumption/datasets/O/O84 Public administration and defence; compulsory social security/U367.csv,/Users/anmoldeshmukh/ASU/LEAPS/EWELD/categories/commercial/O/O84 Public administration and defence; compulsory social security/U367.csv,moved,
commercial,/Users/anmoldeshmukh/ASU/LEAPS/EWELD/Electricity Consumption/datasets/O/O84 Public administration and defence; compulsory social security/U366.csv,/Users/anmoldeshmukh/ASU/LEAPS/EWELD/categories/commercial/O/O84 Public administration and defence; compulsory social security/U366.csv,moved,
commercial,/Users/anmoldeshmukh/ASU/LEAPS/EWELD/Electricity Consumption/datasets/O/O84 Public administration and defence; compulsory social security/U372.csv,/Users/anmoldeshmukh/ASU/LEAPS/EWELD/categories/commercial/O/O84 Public administration and defence; compulsory social security/U372.csv,moved,
commercial,/Users/anmoldeshmukh/ASU/LEAPS/EWELD/Electricity Consumption/datasets/O/O84 Public administration and defence; compulsory social security/U368.csv,/Users/anmoldeshmukh/ASU/LEAPS/EWELD/categories/commercial/O/O84 Public administration and defence; compulsory social security/U368.csv,moved,
commercial,/Users/anmoldeshmukh/ASU/LEAPS/EWELD/Electricity Consumption/datasets/O/O84 Public administration and defence; compulsory social security/U369.csv,/Users/anmoldeshmukh/ASU/LEAPS/EWELD/categories/commercial/O/O84 Public administration and defence; compulsory social security/U369.csv,moved,
commercial,/Users/anmoldeshmukh/ASU/LEAPS/EWELD/Electricity Consumption/datasets/H/H53 Postal and courier activities/U273.csv,/Users/anmoldeshmukh/ASU/LEAPS/EWELD/categories/commercial/H/H53 Postal and courier activities/U273.csv,moved,
commercial,/Users/anmoldeshmukh/ASU/LEAPS/EWELD/Electricity Consumption/datasets/H/H53 Postal and courier activities/U272.csv,/Users/anmoldeshmukh/ASU/LEAPS/EWELD/categories/commercial/H/H53 Postal and courier activities/U272.csv,moved,
commercial,/Users/anmoldeshmukh/ASU/LEAPS/EWELD/Electricity Consumption/datasets/H/H52 Warehousing and support activities for transportation/U271.csv,/Users/anmoldeshmukh/ASU/LEAPS/EWELD/categories/commercial/H/H52 Warehousing and support activities for transportation/U271.csv,moved,
commercial,/Users/anmoldeshmukh/ASU/LEAPS/EWELD/Electricity Consumption/datasets/M/M71 Architectural and engineering activities; technical testing and analysis/U353.csv,/Users/anmoldeshmukh/ASU/LEAPS/EWELD/categories/commercial/M/M71 Architectural and engineering activities; technical testing and analysis/U353.csv,moved,
commercial,"/Users/anmoldeshmukh/ASU/LEAPS/EWELD/Electricity Consumption/datasets/J/J62 Computer programming, consultancy and related activities/U280.csv","/Users/anmoldeshmukh/ASU/LEAPS/EWELD/categories/commercial/J/J62 Computer programming, consultancy and related activities/U280.csv",moved,
industrial,/Users/anmoldeshmukh/ASU/LEAPS/EWELD/Electricity Consumption/datasets/C/C27 Manufacture of electrical equipment/U213.csv,/Users/anmoldeshmukh/ASU/LEAPS/EWELD/categories/industrial/C/C27 Manufacture of electrical equipment/U213.csv,moved,
industrial,/Users/anmoldeshmukh/ASU/LEAPS/EWELD/Electricity Consumption/datasets/C/C33 Repair and installation of machinery and equipment/U255.csv,/Users/anmoldeshmukh/ASU/LEAPS/EWELD/categories/industrial/C/C33 Repair and installation of machinery and equipment/U255.csv,moved,
industrial,/Users/anmoldeshmukh/ASU/LEAPS/EWELD/Electricity Consumption/datasets/C/C13 Manufacture of textiles/U41.csv,/Users/anmoldeshmukh/ASU/LEAPS/EWELD/categories/industrial/C/C13 Manufacture of textiles/U41.csv,moved,
industrial,/Users/anmoldeshmukh/ASU/LEAPS/EWELD/Electricity Consumption/datasets/C/C13 Manufacture of textiles/U40.csv,/Users/anmoldeshmukh/ASU/LEAPS/EWELD/categories/industrial/C/C13 Manufacture of textiles/U40.csv,moved,
industrial,/Users/anmoldeshmukh/ASU/LEAPS/EWELD/Electricity Consumption/datasets/C/C13 Manufacture of textiles/U42.csv,/Users/anmoldeshmukh/ASU/LEAPS/EWELD/categories/industrial/C/C13 Manufacture of textiles/U42.csv,moved,
industrial,/Users/anmoldeshmukh/ASU/LEAPS/EWELD/Electricity Consumption/datasets/C/C13 Manufacture of textiles/U36.csv,/Users/anmoldeshmukh/ASU/LEAPS/EWELD/categories/industrial/C/C13 Manufacture of textiles/U36.csv,moved,
industrial,/Users/anmoldeshmukh/ASU/LEAPS/EWELD/Electricity Consumption/datasets/C/C13 Manufacture of textiles/U22.csv,/Users/anmoldeshmukh/ASU/LEAPS/EWELD/categories/industrial/C/C13 Manufacture of textiles/U22.csv,moved,
industrial,/Users/anmoldeshmukh/ASU/LEAPS/EWELD/Electricity Consumption/datasets/C/C13 Manufacture of textiles/U23.csv,/Users/anmoldeshmukh/ASU/LEAPS/EWELD/categories/industrial/C/C13 Manufacture of textiles/U23.csv,moved,
industrial,/Users/anmoldeshmukh/ASU/LEAPS/EWELD/Electricity Consumption/datasets/C/C13 Manufacture of textiles/U37.csv,/Users/anmoldeshmukh/ASU/LEAPS/EWELD/categories/industrial/C/C13 Manufacture of textiles/U37.csv,moved,
industrial,/Users/anmoldeshmukh/ASU/LEAPS/EWELD/Electricity Consumption/datasets/C/C13 Manufacture of textiles/U21.csv,/Users/anmoldeshmukh/ASU/LEAPS/EWELD/categories/industrial/C/C13 Manufacture of textiles/U21.csv,moved,
industrial,/Users/anmoldeshmukh/ASU/LEAPS/EWELD/Electricity Consumption/datasets/C/C13 Manufacture of textiles/U35.csv,/Users/anmoldeshmukh/ASU/LEAPS/EWELD/categories/industrial/C/C13 Manufacture of textiles/U35.csv,moved,
industrial,/Users/anmoldeshmukh/ASU/LEAPS/EWELD/Electricity Consumption/datasets/C/C13 Manufacture of textiles/U34.csv,/Users/anmoldeshmukh/ASU/LEAPS/EWELD/categories/industrial/C/C13 Manufacture of textiles/U34.csv,moved,
industrial,/Users/anmoldeshmukh/ASU/LEAPS/EWELD/Electricity Consumption/datasets/C/C13 Manufacture of textiles/U24.csv,/Users/anmoldeshmukh/ASU/LEAPS/EWELD/categories/industrial/C/C13 Manufacture of textiles/U24.csv,moved,
industrial,/Users/anmoldeshmukh/ASU/LEAPS/EWELD/Electricity Consumption/datasets/C/C13 Manufacture of textiles/U30.csv,/Users/anmoldeshmukh/ASU/LEAPS/EWELD/categories/industrial/C/C13 Manufacture of textiles/U30.csv,moved,
industrial,/Users/anmoldeshmukh/ASU/LEAPS/EWELD/Electricity Consumption/datasets/C/C13 Manufacture of textiles/U31.csv,/Users/anmoldeshmukh/ASU/LEAPS/EWELD/categories/industrial/C/C13 Manufacture of textiles/U31.csv,moved,
industrial,/Users/anmoldeshmukh/ASU/LEAPS/EWELD/Electricity Consumption/datasets/C/C13 Manufacture of textiles/U25.csv,/Users/anmoldeshmukh/ASU/LEAPS/EWELD/categories/industrial/C/C13 Manufacture of textiles/U25.csv,moved,
industrial,/Users/anmoldeshmukh/ASU/LEAPS/EWELD/Electricity Consumption/datasets/C/C13 Manufacture of textiles/U33.csv,/Users/anmoldeshmukh/ASU/LEAPS/EWELD/categories/industrial/C/C13 Manufacture of textiles/U33.csv,moved,
industrial,/Users/anmoldeshmukh/ASU/LEAPS/EWELD/Electricity Consumption/datasets/C/C13 Manufacture of textiles/U27.csv,/Users/anmoldeshmukh/ASU/LEAPS/EWELD/categories/industrial/C/C13 Manufacture of textiles/U27.csv,moved,
industrial,/Users/anmoldeshmukh/ASU/LEAPS/EWELD/Electricity Consumption/datasets/C/C13 Manufacture of textiles/U26.csv,/Users/anmoldeshmukh/ASU/LEAPS/EWELD/categories/industrial/C/C13 Manufacture of textiles/U26.csv,moved,
industrial,/Users/anmoldeshmukh/ASU/LEAPS/EWELD/Electricity Consumption/datasets/C/C13 Manufacture of textiles/U32.csv,/Users/anmoldeshmukh/ASU/LEAPS/EWELD/categories/industrial/C/C13 Manufacture of textiles/U32.csv,moved,
industrial,/Users/anmoldeshmukh/ASU/LEAPS/EWELD/Electricity Consumption/datasets/C/C13 Manufacture of textiles/U28.csv,/Users/anmoldeshmukh/ASU/LEAPS/EWELD/categories/industrial/C/C13 Manufacture of textiles/U28.csv,moved,
industrial,/Users/anmoldeshmukh/ASU/LEAPS/EWELD/Electricity Consumption/datasets/C/C13 Manufacture of textiles/U29.csv,/Users/anmoldeshmukh/ASU/LEAPS/EWELD/categories/industrial/C/C13 Manufacture of textiles/U29.csv,moved,
industrial,/Users/anmoldeshmukh/ASU/LEAPS/EWELD/Electricity Consumption/datasets/C/C13 Manufacture of textiles/U39.csv,/Users/anmoldeshmukh/ASU/LEAPS/EWELD/categories/industrial/C/C13 Manufacture of textiles/U39.csv,moved,
industrial,/Users/anmoldeshmukh/ASU/LEAPS/EWELD/Electricity Consumption/datasets/C/C13 Manufacture of textiles/U38.csv,/Users/anmoldeshmukh/ASU/LEAPS/EWELD/categories/industrial/C/C13 Manufacture of textiles/U38.csv,moved,
industrial,/Users/anmoldeshmukh/ASU/LEAPS/EWELD/Electricity Consumption/datasets/C/C17 Manufacture of paper and paper products/U55.csv,/Users/anmoldeshmukh/ASU/LEAPS/EWELD/categories/industrial/C/C17 Manufacture of paper and paper products/U55.csv,moved,
industrial,/Users/anmoldeshmukh/ASU/LEAPS/EWELD/Electricity Consumption/datasets/C/C17 Manufacture of paper and paper products/U54.csv,/Users/anmoldeshmukh/ASU/LEAPS/EWELD/categories/industrial/C/C17 Manufacture of paper and paper products/U54.csv,moved,
industrial,/Users/anmoldeshmukh/ASU/LEAPS/EWELD/Electricity Consumption/datasets/C/C17 Manufacture of paper and paper products/U56.csv,/Users/anmoldeshmukh/ASU/LEAPS/EWELD/categories/industrial/C/C17 Manufacture of paper and paper products/U56.csv,moved,
industrial,/Users/anmoldeshmukh/ASU/LEAPS/EWELD/Electricity Consumption/datasets/C/C17 Manufacture of paper and paper products/U57.csv,/Users/anmoldeshmukh/ASU/LEAPS/EWELD/categories/industrial/C/C17 Manufacture of paper and paper products/U57.csv,moved,
industrial,/Users/anmoldeshmukh/ASU/LEAPS/EWELD/Electricity Consumption/datasets/C/C17 Manufacture of paper and paper products/U60.csv,/Users/anmoldeshmukh/ASU/LEAPS/EWELD/categories/industrial/C/C17 Manufacture of paper and paper products/U60.csv,moved,
industrial,/Users/anmoldeshmukh/ASU/LEAPS/EWELD/Electricity Consumption/datasets/C/C17 Manufacture of paper and paper products/U61.csv,/Users/anmoldeshmukh/ASU/LEAPS/EWELD/categories/industrial/C/C17 Manufacture of paper and paper products/U61.csv,moved,
industrial,/Users/anmoldeshmukh/ASU/LEAPS/EWELD/Electricity Consumption/datasets/C/C17 Manufacture of paper and paper products/U59.csv,/Users/anmoldeshmukh/ASU/LEAPS/EWELD/categories/industrial/C/C17 Manufacture of paper and paper products/U59.csv,moved,
industrial,/Users/anmoldeshmukh/ASU/LEAPS/EWELD/Electricity Consumption/datasets/C/C17 Manufacture of paper and paper products/U58.csv,/Users/anmoldeshmukh/ASU/LEAPS/EWELD/categories/industrial/C/C17 Manufacture of paper and paper products/U58.csv,moved,
industrial,"/Users/anmoldeshmukh/ASU/LEAPS/EWELD/Electricity Consumption/datasets/C/C21 Manufacture of pharmaceuticals, medicinal chemical and botanical products/U68.csv","/Users/anmoldeshmukh/ASU/LEAPS/EWELD/categories/industrial/C/C21 Manufacture of pharmaceuticals, medicinal chemical and botanical products/U68.csv",moved,
industrial,"/Users/anmoldeshmukh/ASU/LEAPS/EWELD/Electricity Consumption/datasets/C/C29 Manufacture of motor vehicles, trailers and semi-trailers/U229.csv","/Users/anmoldeshmukh/ASU/LEAPS/EWELD/categories/industrial/C/C29 Manufacture of motor vehicles, trailers and semi-trailers/U229.csv",moved,
industrial,"/Users/anmoldeshmukh/ASU/LEAPS/EWELD/Electricity Consumption/datasets/C/C29 Manufacture of motor vehicles, trailers and semi-trailers/U228.csv","/Users/anmoldeshmukh/ASU/LEAPS/EWELD/categories/industrial/C/C29 Manufacture of motor vehicles, trailers and semi-trailers/U228.csv",moved,
industrial,"/Users/anmoldeshmukh/ASU/LEAPS/EWELD/Electricity Consumption/datasets/C/C29 Manufacture of motor vehicles, trailers and semi-trailers/U230.csv","/Users/anmoldeshmukh/ASU/LEAPS/EWELD/categories/industrial/C/C29 Manufacture of motor vehicles, trailers and semi-trailers/U230.csv",moved,
industrial,"/Users/anmoldeshmukh/ASU/LEAPS/EWELD/Electricity Consumption/datasets/C/C29 Manufacture of motor vehicles, trailers and semi-trailers/U226.csv","/Users/anmoldeshmukh/ASU/LEAPS/EWELD/categories/industrial/C/C29 Manufacture of motor vehicles, trailers and semi-trailers/U226.csv",moved,
industrial,"/Users/anmoldeshmukh/ASU/LEAPS/EWELD/Electricity Consumption/datasets/C/C29 Manufacture of motor vehicles, trailers and semi-trailers/U227.csv","/Users/anmoldeshmukh/ASU/LEAPS/EWELD/categories/industrial/C/C29 Manufacture of motor vehicles, trailers and semi-trailers/U227.csv",moved,
industrial,/Users/anmoldeshmukh/ASU/LEAPS/EWELD/Electricity Consumption/datasets/C/C14 Manufacture of wearing apparel/U43.csv,/Users/anmoldeshmukh/ASU/LEAPS/EWELD/categories/industrial/C/C14 Manufacture of wearing apparel/U43.csv,moved,
industrial,/Users/anmoldeshmukh/ASU/LEAPS/EWELD/Electricity Consumption/datasets/C/C14 Manufacture of wearing apparel/U47.csv,/Users/anmoldeshmukh/ASU/LEAPS/EWELD/categories/industrial/C/C14 Manufacture of wearing apparel/U47.csv,moved,
industrial,/Users/anmoldeshmukh/ASU/LEAPS/EWELD/Electricity Consumption/datasets/C/C14 Manufacture of wearing apparel/U46.csv,/Users/anmoldeshmukh/ASU/LEAPS/EWELD/categories/industrial/C/C14 Manufacture of wearing apparel/U46.csv,moved,
industrial,/Users/anmoldeshmukh/ASU/LEAPS/EWELD/Electricity Consumption/datasets/C/C14 Manufacture of wearing apparel/U44.csv,/Users/anmoldeshmukh/ASU/LEAPS/EWELD/categories/industrial/C/C14 Manufacture of wearing apparel/U44.csv,moved,
industrial,/Users/anmoldeshmukh/ASU/LEAPS/EWELD/Electricity Consumption/datasets/C/C14 Manufacture of wearing apparel/U45.csv,/Users/anmoldeshmukh/ASU/LEAPS/EWELD/categories/industrial/C/C14 Manufacture of wearing apparel/U45.csv,moved,
industrial,/Users/anmoldeshmukh/ASU/LEAPS/EWELD/Electricity Consumption/datasets/C/C14 Manufacture of wearing apparel/U48.csv,/Users/anmoldeshmukh/ASU/LEAPS/EWELD/categories/industrial/C/C14 Manufacture of wearing apparel/U48.csv,moved,
industrial,/Users/anmoldeshmukh/ASU/LEAPS/EWELD/Electricity Consumption/datasets/C/C14 Manufacture of wearing apparel/U49.csv,/Users/anmoldeshmukh/ASU/LEAPS/EWELD/categories/industrial/C/C14 Manufacture of wearing apparel/U49.csv,moved,
industrial,/Users/anmoldeshmukh/ASU/LEAPS/EWELD/Electricity Consumption/datasets/C/C10 Manufacture of food products/U18.csv,/Users/anmoldeshmukh/ASU/LEAPS/EWELD/categories/industrial/C/C10 Manufacture of food products/U18.csv,moved,
industrial,/Users/anmoldeshmukh/ASU/LEAPS/EWELD/Electricity Consumption/datasets/C/C10 Manufacture of food products/U17.csv,/Users/anmoldeshmukh/ASU/LEAPS/EWELD/categories/industrial/C/C10 Manufacture of food products/U17.csv,moved,
industrial,/Users/anmoldeshmukh/ASU/LEAPS/EWELD/Electricity Consumption/datasets/C/C10 Manufacture of food products/U16.csv,/Users/anmoldeshmukh/ASU/LEAPS/EWELD/categories/industrial/C/C10 Manufacture of food products/U16.csv,moved,
industrial,/Users/anmoldeshmukh/ASU/LEAPS/EWELD/Electricity Consumption/datasets/C/C10 Manufacture of food products/U14.csv,/Users/anmoldeshmukh/ASU/LEAPS/EWELD/categories/industrial/C/C10 Manufacture of food products/U14.csv,moved,
industrial,/Users/anmoldeshmukh/ASU/LEAPS/EWELD/Electricity Consumption/datasets/C/C10 Manufacture of food products/U15.csv,/Users/anmoldeshmukh/ASU/LEAPS/EWELD/categories/industrial/C/C10 Manufacture of food products/U15.csv,moved,
industrial,/Users/anmoldeshmukh/ASU/LEAPS/EWELD/Electricity Consumption/datasets/C/C10 Manufacture of food products/U11.csv,/Users/anmoldeshmukh/ASU/LEAPS/EWELD/categories/industrial/C/C10 Manufacture of food products/U11.csv,moved,
industrial,/Users/anmoldeshmukh/ASU/LEAPS/EWELD/Electricity Consumption/datasets/C/C10 Manufacture of food products/U12.csv,/Users/anmoldeshmukh/ASU/LEAPS/EWELD/categories/industrial/C/C10 Manufacture of food products/U12.csv,moved,
industrial,/Users/anmoldeshmukh/ASU/LEAPS/EWELD/Electricity Consumption/datasets/C/C10 Manufacture of food products/U13.csv,/Users/anmoldeshmukh/ASU/LEAPS/EWELD/categories/industrial/C/C10 Manufacture of food products/U13.csv,moved,
industrial,/Users/anmoldeshmukh/ASU/LEAPS/EWELD/Electricity Consumption/datasets/C/C23 Manufacture of other non-metallic mineral products/U117.csv,/Users/anmoldeshmukh/ASU/LEAPS/EWELD/categories/industrial/C/C23 Manufacture of other non-metallic mineral products/U117.csv,moved,
industrial,/Users/anmoldeshmukh/ASU/LEAPS/EWELD/Electricity Consumption/datasets/C/C23 Manufacture of other non-metallic mineral products/U103.csv,/Users/anmoldeshmukh/ASU/LEAPS/EWELD/categories/industrial/C/C23 Manufacture of other non-metallic mineral products/U103.csv,moved,
industrial,/Users/anmoldeshmukh/ASU/LEAPS/EWELD/Electricity Consumption/datasets/C/C23 Manufacture of other non-metallic mineral products/U102.csv,/Users/anmoldeshmukh/ASU/LEAPS/EWELD/categories/industrial/C/C23 Manufacture of other non-metallic mineral products/U102.csv,moved,
industrial,/Users/anmoldeshmukh/ASU/LEAPS/EWELD/Electricity Consumption/datasets/C/C23 Manufacture of other non-metallic mineral products/U116.csv,/Users/anmoldeshmukh/ASU/LEAPS/EWELD/categories/industrial/C/C23 Manufacture of other non-metallic mineral products/U116.csv,moved,
industrial,/Users/anmoldeshmukh/ASU/LEAPS/EWELD/Electricity Consumption/datasets/C/C23 Manufacture of other non-metallic mineral products/U128.csv,/Users/anmoldeshmukh/ASU/LEAPS/EWELD/categories/industrial/C/C23 Manufacture of other non-metallic mineral products/U128.csv,moved,
industrial,/Users/anmoldeshmukh/ASU/LEAPS/EWELD/Electricity Consumption/datasets/C/C23 Manufacture of other non-metallic mineral products/U100.csv,/Users/anmoldeshmukh/ASU/LEAPS/EWELD/categories/industrial/C/C23 Manufacture of other non-metallic mineral products/U100.csv,moved,
industrial,/Users/anmoldeshmukh/ASU/LEAPS/EWELD/Electricity Consumption/datasets/C/C23 Manufacture of other non-metallic mineral products/U114.csv,/Users/anmoldeshmukh/ASU/LEAPS/EWELD/categories/industrial/C/C23 Manufacture of other non-metallic mineral products/U114.csv,moved,
industrial,/Users/anmoldeshmukh/ASU/LEAPS/EWELD/Electricity Consumption/datasets/C/C23 Manufacture of other non-metallic mineral products/U115.csv,/Users/anmoldeshmukh/ASU/LEAPS/EWELD/categories/industrial/C/C23 Manufacture of other non-metallic mineral products/U115.csv,moved,
industrial,/Users/anmoldeshmukh/ASU/LEAPS/EWELD/Electricity Consumption/datasets/C/C23 Manufacture of other non-metallic mineral products/U101.csv,/Users/anmoldeshmukh/ASU/LEAPS/EWELD/categories/industrial/C/C23 Manufacture of other non-metallic mineral products/U101.csv,moved,
industrial,/Users/anmoldeshmukh/ASU/LEAPS/EWELD/Electricity Consumption/datasets/C/C23 Manufacture of other non-metallic mineral products/U129.csv,/Users/anmoldeshmukh/ASU/LEAPS/EWELD/categories/industrial/C/C23 Manufacture of other non-metallic mineral products/U129.csv,moved,
industrial,/Users/anmoldeshmukh/ASU/LEAPS/EWELD/Electricity Consumption/datasets/C/C23 Manufacture of other non-metallic mineral products/U105.csv,/Users/anmoldeshmukh/ASU/LEAPS/EWELD/categories/industrial/C/C23 Manufacture of other non-metallic mineral products/U105.csv,moved,
industrial,/Users/anmoldeshmukh/ASU/LEAPS/EWELD/Electricity Consumption/datasets/C/C23 Manufacture of other non-metallic mineral products/U111.csv,/Users/anmoldeshmukh/ASU/LEAPS/EWELD/categories/industrial/C/C23 Manufacture of other non-metallic mineral products/U111.csv,moved,
industrial,/Users/anmoldeshmukh/ASU/LEAPS/EWELD/Electricity Consumption/datasets/C/C23 Manufacture of other non-metallic mineral products/U110.csv,/Users/anmoldeshmukh/ASU/LEAPS/EWELD/categories/industrial/C/C23 Manufacture of other non-metallic mineral products/U110.csv,moved,
industrial,/Users/anmoldeshmukh/ASU/LEAPS/EWELD/Electricity Consumption/datasets/C/C23 Manufacture of other non-metallic mineral products/U104.csv,/Users/anmoldeshmukh/ASU/LEAPS/EWELD/categories/industrial/C/C23 Manufacture of other non-metallic mineral products/U104.csv,moved,
industrial,/Users/anmoldeshmukh/ASU/LEAPS/EWELD/Electricity Consumption/datasets/C/C23 Manufacture of other non-metallic mineral products/U112.csv,/Users/anmoldeshmukh/ASU/LEAPS/EWELD/categories/industrial/C/C23 Manufacture of other non-metallic mineral products/U112.csv,moved,
industrial,/Users/anmoldeshmukh/ASU/LEAPS/EWELD/Electricity Consumption/datasets/C/C23 Manufacture of other non-metallic mineral products/U106.csv,/Users/anmoldeshmukh/ASU/LEAPS/EWELD/categories/industrial/C/C23 Manufacture of other non-metallic mineral products/U106.csv,moved,
industrial,/Users/anmoldeshmukh/ASU/LEAPS/EWELD/Electricity Consumption/datasets/C/C23 Manufacture of other non-metallic mineral products/U107.csv,/Users/anmoldeshmukh/ASU/LEAPS/EWELD/categories/industrial/C/C23 Manufacture of other non-metallic mineral products/U107.csv,moved,
industrial,/Users/anmoldeshmukh/ASU/LEAPS/EWELD/Electricity Consumption/datasets/C/C23 Manufacture of other non-metallic mineral products/U113.csv,/Users/anmoldeshmukh/ASU/LEAPS/EWELD/categories/industrial/C/C23 Manufacture of other non-metallic mineral products/U113.csv,moved,
industrial,/Users/anmoldeshmukh/ASU/LEAPS/EWELD/Electricity Consumption/datasets/C/C23 Manufacture of other non-metallic mineral products/U122.csv,/Users/anmoldeshmukh/ASU/LEAPS/EWELD/categories/industrial/C/C23 Manufacture of other non-metallic mineral products/U122.csv,moved,
industrial,/Users/anmoldeshmukh/ASU/LEAPS/EWELD/Electricity Consumption/datasets/C/C23 Manufacture of other non-metallic mineral products/U123.csv,/Users/anmoldeshmukh/ASU/LEAPS/EWELD/categories/industrial/C/C23 Manufacture of other non-metallic mineral products/U123.csv,moved,
industrial,/Users/anmoldeshmukh/ASU/LEAPS/EWELD/Electricity Consumption/datasets/C/C23 Manufacture of other non-metallic mineral products/U109.csv,/Users/anmoldeshmukh/ASU/LEAPS/EWELD/categories/industrial/C/C23 Manufacture of other non-metallic mineral products/U109.csv,moved,
industrial,/Users/anmoldeshmukh/ASU/LEAPS/EWELD/Electricity Consumption/datasets/C/C23 Manufacture of other non-metallic mineral products/U121.csv,/Users/anmoldeshmukh/ASU/LEAPS/EWELD/categories/industrial/C/C23 Manufacture of other non-metallic mineral products/U121.csv,moved,
industrial,/Users/anmoldeshmukh/ASU/LEAPS/EWELD/Electricity Consumption/datasets/C/C23 Manufacture of other non-metallic mineral products/U120.csv,/Users/anmoldeshmukh/ASU/LEAPS/EWELD/categories/industrial/C/C23 Manufacture of other non-metallic mineral products/U120.csv,moved,
industrial,/Users/anmoldeshmukh/ASU/LEAPS/EWELD/Electricity Consumption/datasets/C/C23 Manufacture of other non-metallic mineral products/U108.csv,/Users/anmoldeshmukh/ASU/LEAPS/EWELD/categories/industrial/C/C23 Manufacture of other non-metallic mineral products/U108.csv,moved,
industrial,/Users/anmoldeshmukh/ASU/LEAPS/EWELD/Electricity Consumption/datasets/C/C23 Manufacture of other non-metallic mineral products/U124.csv,/Users/anmoldeshmukh/ASU/LEAPS/EWELD/categories/industrial/C/C23 Manufacture of other non-metallic mineral products/U124.csv,moved,
industrial,/Users/anmoldeshmukh/ASU/LEAPS/EWELD/Electricity Consumption/datasets/C/C23 Manufacture of other non-metallic mineral products/U130.csv,/Users/anmoldeshmukh/ASU/LEAPS/EWELD/categories/industrial/C/C23 Manufacture of other non-metallic mineral products/U130.csv,moved,
industrial,/Users/anmoldeshmukh/ASU/LEAPS/EWELD/Electricity Consumption/datasets/C/C23 Manufacture of other non-metallic mineral products/U118.csv,/Users/anmoldeshmukh/ASU/LEAPS/EWELD/categories/industrial/C/C23 Manufacture of other non-metallic mineral products/U118.csv,moved,
industrial,/Users/anmoldeshmukh/ASU/LEAPS/EWELD/Electricity Consumption/datasets/C/C23 Manufacture of other non-metallic mineral products/U119.csv,/Users/anmoldeshmukh/ASU/LEAPS/EWELD/categories/industrial/C/C23 Manufacture of other non-metallic mineral products/U119.csv,moved,
industrial,/Users/anmoldeshmukh/ASU/LEAPS/EWELD/Electricity Consumption/datasets/C/C23 Manufacture of other non-metallic mineral products/U131.csv,/Users/anmoldeshmukh/ASU/LEAPS/EWELD/categories/industrial/C/C23 Manufacture of other non-metallic mineral products/U131.csv,moved,
industrial,/Users/anmoldeshmukh/ASU/LEAPS/EWELD/Electricity Consumption/datasets/C/C23 Manufacture of other non-metallic mineral products/U125.csv,/Users/anmoldeshmukh/ASU/LEAPS/EWELD/categories/industrial/C/C23 Manufacture of other non-metallic mineral products/U125.csv,moved,
industrial,/Users/anmoldeshmukh/ASU/LEAPS/EWELD/Electricity Consumption/datasets/C/C23 Manufacture of other non-metallic mineral products/U133.csv,/Users/anmoldeshmukh/ASU/LEAPS/EWELD/categories/industrial/C/C23 Manufacture of other non-metallic mineral products/U133.csv,moved,
industrial,/Users/anmoldeshmukh/ASU/LEAPS/EWELD/Electricity Consumption/datasets/C/C23 Manufacture of other non-metallic mineral products/U127.csv,/Users/anmoldeshmukh/ASU/LEAPS/EWELD/categories/industrial/C/C23 Manufacture of other non-metallic mineral products/U127.csv,moved,
industrial,/Users/anmoldeshmukh/ASU/LEAPS/EWELD/Electricity Consumption/datasets/C/C23 Manufacture of other non-metallic mineral products/U126.csv,/Users/anmoldeshmukh/ASU/LEAPS/EWELD/categories/industrial/C/C23 Manufacture of other non-metallic mineral products/U126.csv,moved,
industrial,/Users/anmoldeshmukh/ASU/LEAPS/EWELD/Electricity Consumption/datasets/C/C23 Manufacture of other non-metallic mineral products/U132.csv,/Users/anmoldeshmukh/ASU/LEAPS/EWELD/categories/industrial/C/C23 Manufacture of other non-metallic mineral products/U132.csv,moved,
industrial,"/Users/anmoldeshmukh/ASU/LEAPS/EWELD/Electricity Consumption/datasets/C/C26 Manufacture of computer, electronic and optical products/U202.csv","/Users/anmoldeshmukh/ASU/LEAPS/EWELD/categories/industrial/C/C26 Manufacture of computer, electronic and optical products/U202.csv",moved,
industrial,"/Users/anmoldeshmukh/ASU/LEAPS/EWELD/Electricity Consumption/datasets/C/C26 Manufacture of computer, electronic and optical products/U203.csv","/Users/anmoldeshmukh/ASU/LEAPS/EWELD/categories/industrial/C/C26 Manufacture of computer, electronic and optical products/U203.csv",moved,
industrial,"/Users/anmoldeshmukh/ASU/LEAPS/EWELD/Electricity Consumption/datasets/C/C26 Manufacture of computer, electronic and optical products/U210.csv","/Users/anmoldeshmukh/ASU/LEAPS/EWELD/categories/industrial/C/C26 Manufacture of computer, electronic and optical products/U210.csv",moved,
industrial,"/Users/anmoldeshmukh/ASU/LEAPS/EWELD/Electricity Consumption/datasets/C/C26 Manufacture of computer, electronic and optical products/U204.csv","/Users/anmoldeshmukh/ASU/LEAPS/EWELD/categories/industrial/C/C26 Manufacture of computer, electronic and optical products/U204.csv",moved,
industrial,"/Users/anmoldeshmukh/ASU/LEAPS/EWELD/Electricity Consumption/datasets/C/C26 Manufacture of computer, electronic and optical products/U205.csv","/Users/anmoldeshmukh/ASU/LEAPS/EWELD/categories/industrial/C/C26 Manufacture of computer, electronic and optical products/U205.csv",moved,
industrial,"/Users/anmoldeshmukh/ASU/LEAPS/EWELD/Electricity Consumption/datasets/C/C26 Manufacture of computer, electronic and optical products/U211.csv","/Users/anmoldeshmukh/ASU/LEAPS/EWELD/categories/industrial/C/C26 Manufacture of computer, electronic and optical products/U211.csv",moved,
industrial,"/Users/anmoldeshmukh/ASU/LEAPS/EWELD/Electricity Consumption/datasets/C/C26 Manufacture of computer, electronic and optical products/U207.csv","/Users/anmoldeshmukh/ASU/LEAPS/EWELD/categories/industrial/C/C26 Manufacture of computer, electronic and optical products/U207.csv",moved,
industrial,"/Users/anmoldeshmukh/ASU/LEAPS/EWELD/Electricity Consumption/datasets/C/C26 Manufacture of computer, electronic and optical products/U212.csv","/Users/anmoldeshmukh/ASU/LEAPS/EWELD/categories/industrial/C/C26 Manufacture of computer, electronic and optical products/U212.csv",moved,
industrial,"/Users/anmoldeshmukh/ASU/LEAPS/EWELD/Electricity Consumption/datasets/C/C26 Manufacture of computer, electronic and optical products/U206.csv","/Users/anmoldeshmukh/ASU/LEAPS/EWELD/categories/industrial/C/C26 Manufacture of computer, electronic and optical products/U206.csv",moved,
industrial,"/Users/anmoldeshmukh/ASU/LEAPS/EWELD/Electricity Consumption/datasets/C/C26 Manufacture of computer, electronic and optical products/U208.csv","/Users/anmoldeshmukh/ASU/LEAPS/EWELD/categories/industrial/C/C26 Manufacture of computer, electronic and optical products/U208.csv",moved,
industrial,"/Users/anmoldeshmukh/ASU/LEAPS/EWELD/Electricity Consumption/datasets/C/C26 Manufacture of computer, electronic and optical products/U209.csv","/Users/anmoldeshmukh/ASU/LEAPS/EWELD/categories/industrial/C/C26 Manufacture of computer, electronic and optical products/U209.csv",moved,
industrial,/Users/anmoldeshmukh/ASU/LEAPS/EWELD/Electricity Consumption/datasets/C/C28 Manufacture of machinery and equipment n.e.c/U216.csv,/Users/anmoldeshmukh/ASU/LEAPS/EWELD/categories/industrial/C/C28 Manufacture of machinery and equipment n.e.c/U216.csv,moved,
industrial,/Users/anmoldeshmukh/ASU/LEAPS/EWELD/Electricity Consumption/datasets/C/C28 Manufacture of machinery and equipment n.e.c/U217.csv,/Users/anmoldeshmukh/ASU/LEAPS/EWELD/categories/industrial/C/C28 Manufacture of machinery and equipment n.e.c/U217.csv,moved,
industrial,/Users/anmoldeshmukh/ASU/LEAPS/EWELD/Electricity Consumption/datasets/C/C28 Manufacture of machinery and equipment n.e.c/U215.csv,/Users/anmoldeshmukh/ASU/LEAPS/EWELD/categories/industrial/C/C28 Manufacture of machinery and equipment n.e.c/U215.csv,moved,
industrial,/Users/anmoldeshmukh/ASU/LEAPS/EWELD/Electricity Consumption/datasets/C/C28 Manufacture of machinery and equipment n.e.c/U214.csv,/Users/anmoldeshmukh/ASU/LEAPS/EWELD/categories/industrial/C/C28 Manufacture of machinery and equipment n.e.c/U214.csv,moved,
industrial,/Users/anmoldeshmukh/ASU/LEAPS/EWELD/Electricity Consumption/datasets/C/C28 Manufacture of machinery and equipment n.e.c/U223.csv,/Users/anmoldeshmukh/ASU/LEAPS/EWELD/categories/industrial/C/C28 Manufacture of machinery and equipment n.e.c/U223.csv,moved,
industrial,/Users/anmoldeshmukh/ASU/LEAPS/EWELD/Electricity Consumption/datasets/C/C28 Manufacture of machinery and equipment n.e.c/U222.csv,/Users/anmoldeshmukh/ASU/LEAPS/EWELD/categories/industrial/C/C28 Manufacture of machinery and equipment n.e.c/U222.csv,moved,
industrial,/Users/anmoldeshmukh/ASU/LEAPS/EWELD/Electricity Consumption/datasets/C/C28 Manufacture of machinery and equipment n.e.c/U220.csv,/Users/anmoldeshmukh/ASU/LEAPS/EWELD/categories/industrial/C/C28 Manufacture of machinery and equipment n.e.c/U220.csv,moved,
industrial,/Users/anmoldeshmukh/ASU/LEAPS/EWELD/Electricity Consumption/datasets/C/C28 Manufacture of machinery and equipment n.e.c/U221.csv,/Users/anmoldeshmukh/ASU/LEAPS/EWELD/categories/industrial/C/C28 Manufacture of machinery and equipment n.e.c/U221.csv,moved,
industrial,/Users/anmoldeshmukh/ASU/LEAPS/EWELD/Electricity Consumption/datasets/C/C28 Manufacture of machinery and equipment n.e.c/U225.csv,/Users/anmoldeshmukh/ASU/LEAPS/EWELD/categories/industrial/C/C28 Manufacture of machinery and equipment n.e.c/U225.csv,moved,
industrial,/Users/anmoldeshmukh/ASU/LEAPS/EWELD/Electricity Consumption/datasets/C/C28 Manufacture of machinery and equipment n.e.c/U219.csv,/Users/anmoldeshmukh/ASU/LEAPS/EWELD/categories/industrial/C/C28 Manufacture of machinery and equipment n.e.c/U219.csv,moved,
industrial,/Users/anmoldeshmukh/ASU/LEAPS/EWELD/Electricity Consumption/datasets/C/C28 Manufacture of machinery and equipment n.e.c/U218.csv,/Users/anmoldeshmukh/ASU/LEAPS/EWELD/categories/industrial/C/C28 Manufacture of machinery and equipment n.e.c/U218.csv,moved,
industrial,/Users/anmoldeshmukh/ASU/LEAPS/EWELD/Electricity Consumption/datasets/C/C28 Manufacture of machinery and equipment n.e.c/U224.csv,/Users/anmoldeshmukh/ASU/LEAPS/EWELD/categories/industrial/C/C28 Manufacture of machinery and equipment n.e.c/U224.csv,moved,
industrial,/Users/anmoldeshmukh/ASU/LEAPS/EWELD/Electricity Consumption/datasets/C/C31 Manufacture of furniture/U238.csv,/Users/anmoldeshmukh/ASU/LEAPS/EWELD/categories/industrial/C/C31 Manufacture of furniture/U238.csv,moved,
industrial,/Users/anmoldeshmukh/ASU/LEAPS/EWELD/Electricity Consumption/datasets/C/C31 Manufacture of furniture/U239.csv,/Users/anmoldeshmukh/ASU/LEAPS/EWELD/categories/industrial/C/C31 Manufacture of furniture/U239.csv,moved,
industrial,/Users/anmoldeshmukh/ASU/LEAPS/EWELD/Electricity Consumption/datasets/C/C31 Manufacture of furniture/U248.csv,/Users/anmoldeshmukh/ASU/LEAPS/EWELD/categories/industrial/C/C31 Manufacture of furniture/U248.csv,moved,
industrial,/Users/anmoldeshmukh/ASU/LEAPS/EWELD/Electricity Consumption/datasets/C/C31 Manufacture of furniture/U240.csv,/Users/anmoldeshmukh/ASU/LEAPS/EWELD/categories/industrial/C/C31 Manufacture of furniture/U240.csv,moved,
industrial,/Users/anmoldeshmukh/ASU/LEAPS/EWELD/Electricity Consumption/datasets/C/C31 Manufacture of furniture/U241.csv,/Users/anmoldeshmukh/ASU/LEAPS/EWELD/categories/industrial/C/C31 Manufacture of furniture/U241.csv,moved,
industrial,/Users/anmoldeshmukh/ASU/LEAPS/EWELD/Electricity Consumption/datasets/C/C31 Manufacture of furniture/U243.csv,/Users/anmoldeshmukh/ASU/LEAPS/EWELD/categories/industrial/C/C31 Manufacture of furniture/U243.csv,moved,
industrial,/Users/anmoldeshmukh/ASU/LEAPS/EWELD/Electricity Consumption/datasets/C/C31 Manufacture of furniture/U242.csv,/Users/anmoldeshmukh/ASU/LEAPS/EWELD/categories/industrial/C/C31 Manufacture of furniture/U242.csv,moved,
industrial,/Users/anmoldeshmukh/ASU/LEAPS/EWELD/Electricity Consumption/datasets/C/C31 Manufacture of furniture/U246.csv,/Users/anmoldeshmukh/ASU/LEAPS/EWELD/categories/industrial/C/C31 Manufacture of furniture/U246.csv,moved,
industrial,/Users/anmoldeshmukh/ASU/LEAPS/EWELD/Electricity Consumption/datasets/C/C31 Manufacture of furniture/U247.csv,/Users/anmoldeshmukh/ASU/LEAPS/EWELD/categories/industrial/C/C31 Manufacture of furniture/U247.csv,moved,
industrial,/Users/anmoldeshmukh/ASU/LEAPS/EWELD/Electricity Consumption/datasets/C/C31 Manufacture of furniture/U245.csv,/Users/anmoldeshmukh/ASU/LEAPS/EWELD/categories/industrial/C/C31 Manufacture of furniture/U245.csv,moved,
industrial,/Users/anmoldeshmukh/ASU/LEAPS/EWELD/Electricity Consumption/datasets/C/C31 Manufacture of furniture/U244.csv,/Users/anmoldeshmukh/ASU/LEAPS/EWELD/categories/industrial/C/C31 Manufacture of furniture/U244.csv,moved,
industrial,/Users/anmoldeshmukh/ASU/LEAPS/EWELD/Electricity Consumption/datasets/C/C31 Manufacture of furniture/U237.csv,/Users/anmoldeshmukh/ASU/LEAPS/EWELD/categories/industrial/C/C31 Manufacture of furniture/U237.csv,moved,
industrial,/Users/anmoldeshmukh/ASU/LEAPS/EWELD/Electricity Consumption/datasets/C/C31 Manufacture of furniture/U236.csv,/Users/anmoldeshmukh/ASU/LEAPS/EWELD/categories/industrial/C/C31 Manufacture of furniture/U236.csv,moved,
industrial,/Users/anmoldeshmukh/ASU/LEAPS/EWELD/Electricity Consumption/datasets/C/C31 Manufacture of furniture/U234.csv,/Users/anmoldeshmukh/ASU/LEAPS/EWELD/categories/industrial/C/C31 Manufacture of furniture/U234.csv,moved,
industrial,/Users/anmoldeshmukh/ASU/LEAPS/EWELD/Electricity Consumption/datasets/C/C31 Manufacture of furniture/U235.csv,/Users/anmoldeshmukh/ASU/LEAPS/EWELD/categories/industrial/C/C31 Manufacture of furniture/U235.csv,moved,
industrial,/Users/anmoldeshmukh/ASU/LEAPS/EWELD/Electricity Consumption/datasets/C/C31 Manufacture of furniture/U231.csv,/Users/anmoldeshmukh/ASU/LEAPS/EWELD/categories/industrial/C/C31 Manufacture of furniture/U231.csv,moved,
industrial,/Users/anmoldeshmukh/ASU/LEAPS/EWELD/Electricity Consumption/datasets/C/C31 Manufacture of furniture/U232.csv,/Users/anmoldeshmukh/ASU/LEAPS/EWELD/categories/industrial/C/C31 Manufacture of furniture/U232.csv,moved,
industrial,/Users/anmoldeshmukh/ASU/LEAPS/EWELD/Electricity Consumption/datasets/C/C31 Manufacture of furniture/U233.csv,/Users/anmoldeshmukh/ASU/LEAPS/EWELD/categories/industrial/C/C31 Manufacture of furniture/U233.csv,moved,
industrial,/Users/anmoldeshmukh/ASU/LEAPS/EWELD/Electricity Consumption/datasets/C/C11 Manufacture of beverages/U20.csv,/Users/anmoldeshmukh/ASU/LEAPS/EWELD/categories/industrial/C/C11 Manufacture of beverages/U20.csv,moved,
industrial,/Users/anmoldeshmukh/ASU/LEAPS/EWELD/Electricity Consumption/datasets/C/C11 Manufacture of beverages/U19.csv,/Users/anmoldeshmukh/ASU/LEAPS/EWELD/categories/industrial/C/C11 Manufacture of beverages/U19.csv,moved,
industrial,/Users/anmoldeshmukh/ASU/LEAPS/EWELD/Electricity Consumption/datasets/C/C15 Manufacture of leather and related products/U50.csv,/Users/anmoldeshmukh/ASU/LEAPS/EWELD/categories/industrial/C/C15 Manufacture of leather and related products/U50.csv,moved,
industrial,/Users/anmoldeshmukh/ASU/LEAPS/EWELD/Electricity Consumption/datasets/C/C15 Manufacture of leather and related products/U51.csv,/Users/anmoldeshmukh/ASU/LEAPS/EWELD/categories/industrial/C/C15 Manufacture of leather and related products/U51.csv,moved,
industrial,/Users/anmoldeshmukh/ASU/LEAPS/EWELD/Electricity Consumption/datasets/C/C24 Manufacture of basic metals/U148.csv,/Users/anmoldeshmukh/ASU/LEAPS/EWELD/categories/industrial/C/C24 Manufacture of basic metals/U148.csv,moved,
industrial,/Users/anmoldeshmukh/ASU/LEAPS/EWELD/Electricity Consumption/datasets/C/C24 Manufacture of basic metals/U149.csv,/Users/anmoldeshmukh/ASU/LEAPS/EWELD/categories/industrial/C/C24 Manufacture of basic metals/U149.csv,moved,
industrial,/Users/anmoldeshmukh/ASU/LEAPS/EWELD/Electricity Consumption/datasets/C/C24 Manufacture of basic metals/U139.csv,/Users/anmoldeshmukh/ASU/LEAPS/EWELD/categories/industrial/C/C24 Manufacture of basic metals/U139.csv,moved,
industrial,/Users/anmoldeshmukh/ASU/LEAPS/EWELD/Electricity Consumption/datasets/C/C24 Manufacture of basic metals/U138.csv,/Users/anmoldeshmukh/ASU/LEAPS/EWELD/categories/industrial/C/C24 Manufacture of basic metals/U138.csv,moved,
industrial,/Users/anmoldeshmukh/ASU/LEAPS/EWELD/Electricity Consumption/datasets/C/C24 Manufacture of basic metals/U136.csv,/Users/anmoldeshmukh/ASU/LEAPS/EWELD/categories/industrial/C/C24 Manufacture of basic metals/U136.csv,moved,
industrial,/Users/anmoldeshmukh/ASU/LEAPS/EWELD/Electricity Consumption/datasets/C/C24 Manufacture of basic metals/U137.csv,/Users/anmoldeshmukh/ASU/LEAPS/EWELD/categories/industrial/C/C24 Manufacture of basic metals/U137.csv,moved,
industrial,/Users/anmoldeshmukh/ASU/LEAPS/EWELD/Electricity Consumption/datasets/C/C24 Manufacture of basic metals/U135.csv,/Users/anmoldeshmukh/ASU/LEAPS/EWELD/categories/industrial/C/C24 Manufacture of basic metals/U135.csv,moved,
industrial,/Users/anmoldeshmukh/ASU/LEAPS/EWELD/Electricity Consumption/datasets/C/C24 Manufacture of basic metals/U134.csv,/Users/anmoldeshmukh/ASU/LEAPS/EWELD/categories/industrial/C/C24 Manufacture of basic metals/U134.csv,moved,
industrial,/Users/anmoldeshmukh/ASU/LEAPS/EWELD/Electricity Consumption/datasets/C/C24 Manufacture of basic metals/U155.csv,/Users/anmoldeshmukh/ASU/LEAPS/EWELD/categories/industrial/C/C24 Manufacture of basic metals/U155.csv,moved,
industrial,/Users/anmoldeshmukh/ASU/LEAPS/EWELD/Electricity Consumption/datasets/C/C24 Manufacture of basic metals/U141.csv,/Users/anmoldeshmukh/ASU/LEAPS/EWELD/categories/industrial/C/C24 Manufacture of basic metals/U141.csv,moved,
industrial,/Users/anmoldeshmukh/ASU/LEAPS/EWELD/Electricity Consumption/datasets/C/C24 Manufacture of basic metals/U140.csv,/Users/anmoldeshmukh/ASU/LEAPS/EWELD/categories/industrial/C/C24 Manufacture of basic metals/U140.csv,moved,
industrial,/Users/anmoldeshmukh/ASU/LEAPS/EWELD/Electricity Consumption/datasets/C/C24 Manufacture of basic metals/U154.csv,/Users/anmoldeshmukh/ASU/LEAPS/EWELD/categories/industrial/C/C24 Manufacture of basic metals/U154.csv,moved,
industrial,/Users/anmoldeshmukh/ASU/LEAPS/EWELD/Electricity Consumption/datasets/C/C24 Manufacture of basic metals/U142.csv,/Users/anmoldeshmukh/ASU/LEAPS/EWELD/categories/industrial/C/C24 Manufacture of basic metals/U142.csv,moved,
industrial,/Users/anmoldeshmukh/ASU/LEAPS/EWELD/Electricity Consumption/datasets/C/C24 Manufacture of basic metals/U156.csv,/Users/anmoldeshmukh/ASU/LEAPS/EWELD/categories/industrial/C/C24 Manufacture of basic metals/U156.csv,moved,
industrial,/Users/anmoldeshmukh/ASU/LEAPS/EWELD/Electricity Consumption/datasets/C/C24 Manufacture of basic metals/U143.csv,/Users/anmoldeshmukh/ASU/LEAPS/EWELD/categories/industrial/C/C24 Manufacture of basic metals/U143.csv,moved,
industrial,/Users/anmoldeshmukh/ASU/LEAPS/EWELD/Electricity Consumption/datasets/C/C24 Manufacture of basic metals/U147.csv,/Users/anmoldeshmukh/ASU/LEAPS/EWELD/categories/industrial/C/C24 Manufacture of basic metals/U147.csv,moved,
industrial,/Users/anmoldeshmukh/ASU/LEAPS/EWELD/Electricity Consumption/datasets/C/C24 Manufacture of basic metals/U153.csv,/Users/anmoldeshmukh/ASU/LEAPS/EWELD/categories/industrial/C/C24 Manufacture of basic metals/U153.csv,moved,
industrial,/Users/anmoldeshmukh/ASU/LEAPS/EWELD/Electricity Consumption/datasets/C/C24 Manufacture of basic metals/U152.csv,/Users/anmoldeshmukh/ASU/LEAPS/EWELD/categories/industrial/C/C24 Manufacture of basic metals/U152.csv,moved,
industrial,/Users/anmoldeshmukh/ASU/LEAPS/EWELD/Electricity Consumption/datasets/C/C24 Manufacture of basic metals/U146.csv,/Users/anmoldeshmukh/ASU/LEAPS/EWELD/categories/industrial/C/C24 Manufacture of basic metals/U146.csv,moved,
industrial,/Users/anmoldeshmukh/ASU/LEAPS/EWELD/Electricity Consumption/datasets/C/C24 Manufacture of basic metals/U150.csv,/Users/anmoldeshmukh/ASU/LEAPS/EWELD/categories/industrial/C/C24 Manufacture of basic metals/U150.csv,moved,
industrial,/Users/anmoldeshmukh/ASU/LEAPS/EWELD/Electricity Consumption/datasets/C/C24 Manufacture of basic metals/U144.csv,/Users/anmoldeshmukh/ASU/LEAPS/EWELD/categories/industrial/C/C24 Manufacture of basic metals/U144.csv,moved,
industrial,/Users/anmoldeshmukh/ASU/LEAPS/EWELD/Electricity Consumption/datasets/C/C24 Manufacture of basic metals/U145.csv,/Users/anmoldeshmukh/ASU/LEAPS/EWELD/categories/industrial/C/C24 Manufacture of basic metals/U145.csv,moved,
industrial,/Users/anmoldeshmukh/ASU/LEAPS/EWELD/Electricity Consumption/datasets/C/C24 Manufacture of basic metals/U151.csv,/Users/anmoldeshmukh/ASU/LEAPS/EWELD/categories/industrial/C/C24 Manufacture of basic metals/U151.csv,moved,
industrial,"/Users/anmoldeshmukh/ASU/LEAPS/EWELD/Electricity Consumption/datasets/C/C16 Manufacture of wood and of products of wood and cork, except furniture; manufacture of articles of straw and plaiting materials/U53.csv","/Users/anmoldeshmukh/ASU/LEAPS/EWELD/categories/industrial/C/C16 Manufacture of wood and of products of wood and cork, except furniture; manufacture of articles of straw and plaiting materials/U53.csv",moved,
industrial,"/Users/anmoldeshmukh/ASU/LEAPS/EWELD/Electricity Consumption/datasets/C/C16 Manufacture of wood and of products of wood and cork, except furniture; manufacture of articles of straw and plaiting materials/U52.csv","/Users/anmoldeshmukh/ASU/LEAPS/EWELD/categories/industrial/C/C16 Manufacture of wood and of products of wood and cork, except furniture; manufacture of articles of straw and plaiting materials/U52.csv",moved,
industrial,"/Users/anmoldeshmukh/ASU/LEAPS/EWELD/Electricity Consumption/datasets/C/C25 Manufacture of fabricated metal products, except machinery and equipment/U174.csv","/Users/anmoldeshmukh/ASU/LEAPS/EWELD/categories/industrial/C/C25 Manufacture of fabricated metal products, except machinery and equipment/U174.csv",moved,
industrial,"/Users/anmoldeshmukh/ASU/LEAPS/EWELD/Electricity Consumption/datasets/C/C25 Manufacture of fabricated metal products, except machinery and equipment/U160.csv","/Users/anmoldeshmukh/ASU/LEAPS/EWELD/categories/industrial/C/C25 Manufacture of fabricated metal products, except machinery and equipment/U160.csv",moved,
industrial,"/Users/anmoldeshmukh/ASU/LEAPS/EWELD/Electricity Consumption/datasets/C/C25 Manufacture of fabricated metal products, except machinery and equipment/U161.csv","/Users/anmoldeshmukh/ASU/LEAPS/EWELD/categories/industrial/C/C25 Manufacture of fabricated metal products, except machinery and equipment/U161.csv",moved,
industrial,"/Users/anmoldeshmukh/ASU/LEAPS/EWELD/Electricity Consumption/datasets/C/C25 Manufacture of fabricated metal products, except machinery and equipment/U175.csv","/Users/anmoldeshmukh/ASU/LEAPS/EWELD/categories/industrial/C/C25 Manufacture of fabricated metal products, except machinery and equipment/U175.csv",moved,
industrial,"/Users/anmoldeshmukh/ASU/LEAPS/EWELD/Electricity Consumption/datasets/C/C25 Manufacture of fabricated metal products, except machinery and equipment/U188.csv","/Users/anmoldeshmukh/ASU/LEAPS/EWELD/categories/industrial/C/C25 Manufacture of fabricated metal products, except machinery and equipment/U188.csv",moved,
industrial,"/Users/anmoldeshmukh/ASU/LEAPS/EWELD/Electricity Consumption/datasets/C/C25 Manufacture of fabricated metal products, except machinery and equipment/U163.csv","/Users/anmoldeshmukh/ASU/LEAPS/EWELD/categories/industrial/C/C25 Manufacture of fabricated metal products, except machinery and equipment/U163.csv",moved,
industrial,"/Users/anmoldeshmukh/ASU/LEAPS/EWELD/Electricity Consumption/datasets/C/C25 Manufacture of fabricated metal products, except machinery and equipment/U177.csv","/Users/anmoldeshmukh/ASU/LEAPS/EWELD/categories/industrial/C/C25 Manufacture of fabricated metal products, except machinery and equipment/U177.csv",moved,
industrial,"/Users/anmoldeshmukh/ASU/LEAPS/EWELD/Electricity Consumption/datasets/C/C25 Manufacture of fabricated metal products, except machinery and equipment/U201.csv","/Users/anmoldeshmukh/ASU/LEAPS/EWELD/categories/industrial/C/C25 Manufacture of fabricated metal products, except machinery and equipment/U201.csv",moved,
industrial,"/Users/anmoldeshmukh/ASU/LEAPS/EWELD/Electricity Consumption/datasets/C/C25 Manufacture of fabricated metal products, except machinery and equipment/U200.csv","/Users/anmoldeshmukh/ASU/LEAPS/EWELD/categories/industrial/C/C25 Manufacture of fabricated metal products, except machinery and equipment/U200.csv",moved,
industrial,"/Users/anmoldeshmukh/ASU/LEAPS/EWELD/Electricity Consumption/datasets/C/C25 Manufacture of fabricated metal products, except machinery and equipment/U176.csv","/Users/anmoldeshmukh/ASU/LEAPS/EWELD/categories/industrial/C/C25 Manufacture of fabricated metal products, except machinery and equipment/U176.csv",moved,
industrial,"/Users/anmoldeshmukh/ASU/LEAPS/EWELD/Electricity Consumption/datasets/C/C25 Manufacture of fabricated metal products, except machinery and equipment/U162.csv","/Users/anmoldeshmukh/ASU/LEAPS/EWELD/categories/industrial/C/C25 Manufacture of fabricated metal products, except machinery and equipment/U162.csv",moved,
industrial,"/Users/anmoldeshmukh/ASU/LEAPS/EWELD/Electricity Consumption/datasets/C/C25 Manufacture of fabricated metal products, except machinery and equipment/U189.csv","/Users/anmoldeshmukh/ASU/LEAPS/EWELD/categories/industrial/C/C25 Manufacture of fabricated metal products, except machinery and equipment/U189.csv",moved,
industrial,"/Users/anmoldeshmukh/ASU/LEAPS/EWELD/Electricity Consumption/datasets/C/C25 Manufacture of fabricated metal products, except machinery and equipment/U199.csv","/Users/anmoldeshmukh/ASU/LEAPS/EWELD/categories/industrial/C/C25 Manufacture of fabricated metal products, except machinery and equipment/U199.csv",moved,
industrial,"/Users/anmoldeshmukh/ASU/LEAPS/EWELD/Electricity Consumption/datasets/C/C25 Manufacture of fabricated metal products, except machinery and equipment/U166.csv","/Users/anmoldeshmukh/ASU/LEAPS/EWELD/categories/industrial/C/C25 Manufacture of fabricated metal products, except machinery and equipment/U166.csv",moved,
industrial,"/Users/anmoldeshmukh/ASU/LEAPS/EWELD/Electricity Consumption/datasets/C/C25 Manufacture of fabricated metal products, except machinery and equipment/U172.csv","/Users/anmoldeshmukh/ASU/LEAPS/EWELD/categories/industrial/C/C25 Manufacture of fabricated metal products, except machinery and equipment/U172.csv",moved,
industrial,"/Users/anmoldeshmukh/ASU/LEAPS/EWELD/Electricity Consumption/datasets/C/C25 Manufacture of fabricated metal products, except machinery and equipment/U173.csv","/Users/anmoldeshmukh/ASU/LEAPS/EWELD/categories/industrial/C/C25 Manufacture of fabricated metal products, except machinery and equipment/U173.csv",moved,
industrial,"/Users/anmoldeshmukh/ASU/LEAPS/EWELD/Electricity Consumption/datasets/C/C25 Manufacture of fabricated metal products, except machinery and equipment/U167.csv","/Users/anmoldeshmukh/ASU/LEAPS/EWELD/categories/industrial/C/C25 Manufacture of fabricated metal products, except machinery and equipment/U167.csv",moved,
industrial,"/Users/anmoldeshmukh/ASU/LEAPS/EWELD/Electricity Consumption/datasets/C/C25 Manufacture of fabricated metal products, except machinery and equipment/U198.csv","/Users/anmoldeshmukh/ASU/LEAPS/EWELD/categories/industrial/C/C25 Manufacture of fabricated metal products, except machinery and equipment/U198.csv",moved,
industrial,"/Users/anmoldeshmukh/ASU/LEAPS/EWELD/Electricity Consumption/datasets/C/C25 Manufacture of fabricated metal products, except machinery and equipment/U171.csv","/Users/anmoldeshmukh/ASU/LEAPS/EWELD/categories/industrial/C/C25 Manufacture of fabricated metal products, except machinery and equipment/U171.csv",moved,
industrial,"/Users/anmoldeshmukh/ASU/LEAPS/EWELD/Electricity Consumption/datasets/C/C25 Manufacture of fabricated metal products, except machinery and equipment/U165.csv","/Users/anmoldeshmukh/ASU/LEAPS/EWELD/categories/industrial/C/C25 Manufacture of fabricated metal products, except machinery and equipment/U165.csv",moved,
industrial,"/Users/anmoldeshmukh/ASU/LEAPS/EWELD/Electricity Consumption/datasets/C/C25 Manufacture of fabricated metal products, except machinery and equipment/U159.csv","/Users/anmoldeshmukh/ASU/LEAPS/EWELD/categories/industrial/C/C25 Manufacture of fabricated metal products, except machinery and equipment/U159.csv",moved,
industrial,"/Users/anmoldeshmukh/ASU/LEAPS/EWELD/Electricity Consumption/datasets/C/C25 Manufacture of fabricated metal products, except machinery and equipment/U158.csv","/Users/anmoldeshmukh/ASU/LEAPS/EWELD/categories/industrial/C/C25 Manufacture of fabricated metal products, except machinery and equipment/U158.csv",moved,
industrial,"/Users/anmoldeshmukh/ASU/LEAPS/EWELD/Electricity Consumption/datasets/C/C25 Manufacture of fabricated metal products, except machinery and equipment/U164.csv","/Users/anmoldeshmukh/ASU/LEAPS/EWELD/categories/industrial/C/C25 Manufacture of fabricated metal products, except machinery and equipment/U164.csv",moved,
industrial,"/Users/anmoldeshmukh/ASU/LEAPS/EWELD/Electricity Consumption/datasets/C/C25 Manufacture of fabricated metal products, except machinery and equipment/U170.csv","/Users/anmoldeshmukh/ASU/LEAPS/EWELD/categories/industrial/C/C25 Manufacture of fabricated metal products, except machinery and equipment/U170.csv",moved,
industrial,"/Users/anmoldeshmukh/ASU/LEAPS/EWELD/Electricity Consumption/datasets/C/C25 Manufacture of fabricated metal products, except machinery and equipment/U196.csv","/Users/anmoldeshmukh/ASU/LEAPS/EWELD/categories/industrial/C/C25 Manufacture of fabricated metal products, except machinery and equipment/U196.csv",moved,
industrial,"/Users/anmoldeshmukh/ASU/LEAPS/EWELD/Electricity Consumption/datasets/C/C25 Manufacture of fabricated metal products, except machinery and equipment/U182.csv","/Users/anmoldeshmukh/ASU/LEAPS/EWELD/categories/industrial/C/C25 Manufacture of fabricated metal products, except machinery and equipment/U182.csv",moved,
industrial,"/Users/anmoldeshmukh/ASU/LEAPS/EWELD/Electricity Consumption/datasets/C/C25 Manufacture of fabricated metal products, except machinery and equipment/U169.csv","/Users/anmoldeshmukh/ASU/LEAPS/EWELD/categories/industrial/C/C25 Manufacture of fabricated metal products, except machinery and equipment/U169.csv",moved,
industrial,"/Users/anmoldeshmukh/ASU/LEAPS/EWELD/Electricity Consumption/datasets/C/C25 Manufacture of fabricated metal products, except machinery and equipment/U168.csv","/Users/anmoldeshmukh/ASU/LEAPS/EWELD/categories/industrial/C/C25 Manufacture of fabricated metal products, except machinery and equipment/U168.csv",moved,
industrial,"/Users/anmoldeshmukh/ASU/LEAPS/EWELD/Electricity Consumption/datasets/C/C25 Manufacture of fabricated metal products, except machinery and equipment/U183.csv","/Users/anmoldeshmukh/ASU/LEAPS/EWELD/categories/industrial/C/C25 Manufacture of fabricated metal products, except machinery and equipment/U183.csv",moved,
industrial,"/Users/anmoldeshmukh/ASU/LEAPS/EWELD/Electricity Consumption/datasets/C/C25 Manufacture of fabricated metal products, except machinery and equipment/U197.csv","/Users/anmoldeshmukh/ASU/LEAPS/EWELD/categories/industrial/C/C25 Manufacture of fabricated metal products, except machinery and equipment/U197.csv",moved,
industrial,"/Users/anmoldeshmukh/ASU/LEAPS/EWELD/Electricity Consumption/datasets/C/C25 Manufacture of fabricated metal products, except machinery and equipment/U181.csv","/Users/anmoldeshmukh/ASU/LEAPS/EWELD/categories/industrial/C/C25 Manufacture of fabricated metal products, except machinery and equipment/U181.csv",moved,
industrial,"/Users/anmoldeshmukh/ASU/LEAPS/EWELD/Electricity Consumption/datasets/C/C25 Manufacture of fabricated metal products, except machinery and equipment/U195.csv","/Users/anmoldeshmukh/ASU/LEAPS/EWELD/categories/industrial/C/C25 Manufacture of fabricated metal products, except machinery and equipment/U195.csv",moved,
industrial,"/Users/anmoldeshmukh/ASU/LEAPS/EWELD/Electricity Consumption/datasets/C/C25 Manufacture of fabricated metal products, except machinery and equipment/U157.csv","/Users/anmoldeshmukh/ASU/LEAPS/EWELD/categories/industrial/C/C25 Manufacture of fabricated metal products, except machinery and equipment/U157.csv",moved,
industrial,"/Users/anmoldeshmukh/ASU/LEAPS/EWELD/Electricity Consumption/datasets/C/C25 Manufacture of fabricated metal products, except machinery and equipment/U194.csv","/Users/anmoldeshmukh/ASU/LEAPS/EWELD/categories/industrial/C/C25 Manufacture of fabricated metal products, except machinery and equipment/U194.csv",moved,
industrial,"/Users/anmoldeshmukh/ASU/LEAPS/EWELD/Electricity Consumption/datasets/C/C25 Manufacture of fabricated metal products, except machinery and equipment/U180.csv","/Users/anmoldeshmukh/ASU/LEAPS/EWELD/categories/industrial/C/C25 Manufacture of fabricated metal products, except machinery and equipment/U180.csv",moved,
industrial,"/Users/anmoldeshmukh/ASU/LEAPS/EWELD/Electricity Consumption/datasets/C/C25 Manufacture of fabricated metal products, except machinery and equipment/U184.csv","/Users/anmoldeshmukh/ASU/LEAPS/EWELD/categories/industrial/C/C25 Manufacture of fabricated metal products, except machinery and equipment/U184.csv",moved,
industrial,"/Users/anmoldeshmukh/ASU/LEAPS/EWELD/Electricity Consumption/datasets/C/C25 Manufacture of fabricated metal products, except machinery and equipment/U190.csv","/Users/anmoldeshmukh/ASU/LEAPS/EWELD/categories/industrial/C/C25 Manufacture of fabricated metal products, except machinery and equipment/U190.csv",moved,
industrial,"/Users/anmoldeshmukh/ASU/LEAPS/EWELD/Electricity Consumption/datasets/C/C25 Manufacture of fabricated metal products, except machinery and equipment/U191.csv","/Users/anmoldeshmukh/ASU/LEAPS/EWELD/categories/industrial/C/C25 Manufacture of fabricated metal products, except machinery and equipment/U191.csv",moved,
industrial,"/Users/anmoldeshmukh/ASU/LEAPS/EWELD/Electricity Consumption/datasets/C/C25 Manufacture of fabricated metal products, except machinery and equipment/U185.csv","/Users/anmoldeshmukh/ASU/LEAPS/EWELD/categories/industrial/C/C25 Manufacture of fabricated metal products, except machinery and equipment/U185.csv",moved,
industrial,"/Users/anmoldeshmukh/ASU/LEAPS/EWELD/Electricity Consumption/datasets/C/C25 Manufacture of fabricated metal products, except machinery and equipment/U193.csv","/Users/anmoldeshmukh/ASU/LEAPS/EWELD/categories/industrial/C/C25 Manufacture of fabricated metal products, except machinery and equipment/U193.csv",moved,
industrial,"/Users/anmoldeshmukh/ASU/LEAPS/EWELD/Electricity Consumption/datasets/C/C25 Manufacture of fabricated metal products, except machinery and equipment/U187.csv","/Users/anmoldeshmukh/ASU/LEAPS/EWELD/categories/industrial/C/C25 Manufacture of fabricated metal products, except machinery and equipment/U187.csv",moved,
industrial,"/Users/anmoldeshmukh/ASU/LEAPS/EWELD/Electricity Consumption/datasets/C/C25 Manufacture of fabricated metal products, except machinery and equipment/U178.csv","/Users/anmoldeshmukh/ASU/LEAPS/EWELD/categories/industrial/C/C25 Manufacture of fabricated metal products, except machinery and equipment/U178.csv",moved,
industrial,"/Users/anmoldeshmukh/ASU/LEAPS/EWELD/Electricity Consumption/datasets/C/C25 Manufacture of fabricated metal products, except machinery and equipment/U179.csv","/Users/anmoldeshmukh/ASU/LEAPS/EWELD/categories/industrial/C/C25 Manufacture of fabricated metal products, except machinery and equipment/U179.csv",moved,
industrial,"/Users/anmoldeshmukh/ASU/LEAPS/EWELD/Electricity Consumption/datasets/C/C25 Manufacture of fabricated metal products, except machinery and equipment/U186.csv","/Users/anmoldeshmukh/ASU/LEAPS/EWELD/categories/industrial/C/C25 Manufacture of fabricated metal products, except machinery and equipment/U186.csv",moved,
industrial,"/Users/anmoldeshmukh/ASU/LEAPS/EWELD/Electricity Consumption/datasets/C/C25 Manufacture of fabricated metal products, except machinery and equipment/U192.csv","/Users/anmoldeshmukh/ASU/LEAPS/EWELD/categories/industrial/C/C25 Manufacture of fabricated metal products, except machinery and equipment/U192.csv",moved,
industrial,/Users/anmoldeshmukh/ASU/LEAPS/EWELD/Electricity Consumption/datasets/C/C18 Printing and reproduction of recorded media/U63.csv,/Users/anmoldeshmukh/ASU/LEAPS/EWELD/categories/industrial/C/C18 Printing and reproduction of recorded media/U63.csv,moved,
industrial,/Users/anmoldeshmukh/ASU/LEAPS/EWELD/Electricity Consumption/datasets/C/C18 Printing and reproduction of recorded media/U62.csv,/Users/anmoldeshmukh/ASU/LEAPS/EWELD/categories/industrial/C/C18 Printing and reproduction of recorded media/U62.csv,moved,
industrial,/Users/anmoldeshmukh/ASU/LEAPS/EWELD/Electricity Consumption/datasets/C/C18 Printing and reproduction of recorded media/U66.csv,/Users/anmoldeshmukh/ASU/LEAPS/EWELD/categories/industrial/C/C18 Printing and reproduction of recorded media/U66.csv,moved,
industrial,/Users/anmoldeshmukh/ASU/LEAPS/EWELD/Electricity Consumption/datasets/C/C18 Printing and reproduction of recorded media/U65.csv,/Users/anmoldeshmukh/ASU/LEAPS/EWELD/categories/industrial/C/C18 Printing and reproduction of recorded media/U65.csv,moved,
industrial,/Users/anmoldeshmukh/ASU/LEAPS/EWELD/Electricity Consumption/datasets/C/C18 Printing and reproduction of recorded media/U64.csv,/Users/anmoldeshmukh/ASU/LEAPS/EWELD/categories/industrial/C/C18 Printing and reproduction of recorded media/U64.csv,moved,
industrial,/Users/anmoldeshmukh/ASU/LEAPS/EWELD/Electricity Consumption/datasets/C/C22 Manufacture of rubber and plastics products/U96.csv,/Users/anmoldeshmukh/ASU/LEAPS/EWELD/categories/industrial/C/C22 Manufacture of rubber and plastics products/U96.csv,moved,
industrial,/Users/anmoldeshmukh/ASU/LEAPS/EWELD/Electricity Consumption/datasets/C/C22 Manufacture of rubber and plastics products/U82.csv,/Users/anmoldeshmukh/ASU/LEAPS/EWELD/categories/industrial/C/C22 Manufacture of rubber and plastics products/U82.csv,moved,
industrial,/Users/anmoldeshmukh/ASU/LEAPS/EWELD/Electricity Consumption/datasets/C/C22 Manufacture of rubber and plastics products/U69.csv,/Users/anmoldeshmukh/ASU/LEAPS/EWELD/categories/industrial/C/C22 Manufacture of rubber and plastics products/U69.csv,moved,
industrial,/Users/anmoldeshmukh/ASU/LEAPS/EWELD/Electricity Consumption/datasets/C/C22 Manufacture of rubber and plastics products/U83.csv,/Users/anmoldeshmukh/ASU/LEAPS/EWELD/categories/industrial/C/C22 Manufacture of rubber and plastics products/U83.csv,moved,
industrial,/Users/anmoldeshmukh/ASU/LEAPS/EWELD/Electricity Consumption/datasets/C/C22 Manufacture of rubber and plastics products/U97.csv,/Users/anmoldeshmukh/ASU/LEAPS/EWELD/categories/industrial/C/C22 Manufacture of rubber and plastics products/U97.csv,moved,
industrial,/Users/anmoldeshmukh/ASU/LEAPS/EWELD/Electricity Consumption/datasets/C/C22 Manufacture of rubber and plastics products/U81.csv,/Users/anmoldeshmukh/ASU/LEAPS/EWELD/categories/industrial/C/C22 Manufacture of rubber and plastics products/U81.csv,moved,
industrial,/Users/anmoldeshmukh/ASU/LEAPS/EWELD/Electricity Consumption/datasets/C/C22 Manufacture of rubber and plastics products/U95.csv,/Users/anmoldeshmukh/ASU/LEAPS/EWELD/categories/industrial/C/C22 Manufacture of rubber and plastics products/U95.csv,moved,
industrial,/Users/anmoldeshmukh/ASU/LEAPS/EWELD/Electricity Consumption/datasets/C/C22 Manufacture of rubber and plastics products/U94.csv,/Users/anmoldeshmukh/ASU/LEAPS/EWELD/categories/industrial/C/C22 Manufacture of rubber and plastics products/U94.csv,moved,
industrial,/Users/anmoldeshmukh/ASU/LEAPS/EWELD/Electricity Consumption/datasets/C/C22 Manufacture of rubber and plastics products/U80.csv,/Users/anmoldeshmukh/ASU/LEAPS/EWELD/categories/industrial/C/C22 Manufacture of rubber and plastics products/U80.csv,moved,
industrial,/Users/anmoldeshmukh/ASU/LEAPS/EWELD/Electricity Consumption/datasets/C/C22 Manufacture of rubber and plastics products/U84.csv,/Users/anmoldeshmukh/ASU/LEAPS/EWELD/categories/industrial/C/C22 Manufacture of rubber and plastics products/U84.csv,moved,
industrial,/Users/anmoldeshmukh/ASU/LEAPS/EWELD/Electricity Consumption/datasets/C/C22 Manufacture of rubber and plastics products/U90.csv,/Users/anmoldeshmukh/ASU/LEAPS/EWELD/categories/industrial/C/C22 Manufacture of rubber and plastics products/U90.csv,moved,
industrial,/Users/anmoldeshmukh/ASU/LEAPS/EWELD/Electricity Consumption/datasets/C/C22 Manufacture of rubber and plastics products/U91.csv,/Users/anmoldeshmukh/ASU/LEAPS/EWELD/categories/industrial/C/C22 Manufacture of rubber and plastics products/U91.csv,moved,
industrial,/Users/anmoldeshmukh/ASU/LEAPS/EWELD/Electricity Consumption/datasets/C/C22 Manufacture of rubber and plastics products/U85.csv,/Users/anmoldeshmukh/ASU/LEAPS/EWELD/categories/industrial/C/C22 Manufacture of rubber and plastics products/U85.csv,moved,
industrial,/Users/anmoldeshmukh/ASU/LEAPS/EWELD/Electricity Consumption/datasets/C/C22 Manufacture of rubber and plastics products/U93.csv,/Users/anmoldeshmukh/ASU/LEAPS/EWELD/categories/industrial/C/C22 Manufacture of rubber and plastics products/U93.csv,moved,
industrial,/Users/anmoldeshmukh/ASU/LEAPS/EWELD/Electricity Consumption/datasets/C/C22 Manufacture of rubber and plastics products/U87.csv,/Users/anmoldeshmukh/ASU/LEAPS/EWELD/categories/industrial/C/C22 Manufacture of rubber and plastics products/U87.csv,moved,
industrial,/Users/anmoldeshmukh/ASU/LEAPS/EWELD/Electricity Consumption/datasets/C/C22 Manufacture of rubber and plastics products/U78.csv,/Users/anmoldeshmukh/ASU/LEAPS/EWELD/categories/industrial/C/C22 Manufacture of rubber and plastics products/U78.csv,moved,
industrial,/Users/anmoldeshmukh/ASU/LEAPS/EWELD/Electricity Consumption/datasets/C/C22 Manufacture of rubber and plastics products/U79.csv,/Users/anmoldeshmukh/ASU/LEAPS/EWELD/categories/industrial/C/C22 Manufacture of rubber and plastics products/U79.csv,moved,
industrial,/Users/anmoldeshmukh/ASU/LEAPS/EWELD/Electricity Consumption/datasets/C/C22 Manufacture of rubber and plastics products/U86.csv,/Users/anmoldeshmukh/ASU/LEAPS/EWELD/categories/industrial/C/C22 Manufacture of rubber and plastics products/U86.csv,moved,
industrial,/Users/anmoldeshmukh/ASU/LEAPS/EWELD/Electricity Consumption/datasets/C/C22 Manufacture of rubber and plastics products/U92.csv,/Users/anmoldeshmukh/ASU/LEAPS/EWELD/categories/industrial/C/C22 Manufacture of rubber and plastics products/U92.csv,moved,
industrial,/Users/anmoldeshmukh/ASU/LEAPS/EWELD/Electricity Consumption/datasets/C/C22 Manufacture of rubber and plastics products/U74.csv,/Users/anmoldeshmukh/ASU/LEAPS/EWELD/categories/industrial/C/C22 Manufacture of rubber and plastics products/U74.csv,moved,
industrial,/Users/anmoldeshmukh/ASU/LEAPS/EWELD/Electricity Consumption/datasets/C/C22 Manufacture of rubber and plastics products/U75.csv,/Users/anmoldeshmukh/ASU/LEAPS/EWELD/categories/industrial/C/C22 Manufacture of rubber and plastics products/U75.csv,moved,
industrial,/Users/anmoldeshmukh/ASU/LEAPS/EWELD/Electricity Consumption/datasets/C/C22 Manufacture of rubber and plastics products/U88.csv,/Users/anmoldeshmukh/ASU/LEAPS/EWELD/categories/industrial/C/C22 Manufacture of rubber and plastics products/U88.csv,moved,
industrial,/Users/anmoldeshmukh/ASU/LEAPS/EWELD/Electricity Consumption/datasets/C/C22 Manufacture of rubber and plastics products/U77.csv,/Users/anmoldeshmukh/ASU/LEAPS/EWELD/categories/industrial/C/C22 Manufacture of rubber and plastics products/U77.csv,moved,
industrial,/Users/anmoldeshmukh/ASU/LEAPS/EWELD/Electricity Consumption/datasets/C/C22 Manufacture of rubber and plastics products/U76.csv,/Users/anmoldeshmukh/ASU/LEAPS/EWELD/categories/industrial/C/C22 Manufacture of rubber and plastics products/U76.csv,moved,
industrial,/Users/anmoldeshmukh/ASU/LEAPS/EWELD/Electricity Consumption/datasets/C/C22 Manufacture of rubber and plastics products/U89.csv,/Users/anmoldeshmukh/ASU/LEAPS/EWELD/categories/industrial/C/C22 Manufacture of rubber and plastics products/U89.csv,moved,
industrial,/Users/anmoldeshmukh/ASU/LEAPS/EWELD/Electricity Consumption/datasets/C/C22 Manufacture of rubber and plastics products/U99.csv,/Users/anmoldeshmukh/ASU/LEAPS/EWELD/categories/industrial/C/C22 Manufacture of rubber and plastics products/U99.csv,moved,
industrial,/Users/anmoldeshmukh/ASU/LEAPS/EWELD/Electricity Consumption/datasets/C/C22 Manufacture of rubber and plastics products/U72.csv,/Users/anmoldeshmukh/ASU/LEAPS/EWELD/categories/industrial/C/C22 Manufacture of rubber and plastics products/U72.csv,moved,
industrial,/Users/anmoldeshmukh/ASU/LEAPS/EWELD/Electricity Consumption/datasets/C/C22 Manufacture of rubber and plastics products/U73.csv,/Users/anmoldeshmukh/ASU/LEAPS/EWELD/categories/industrial/C/C22 Manufacture of rubber and plastics products/U73.csv,moved,
industrial,/Users/anmoldeshmukh/ASU/LEAPS/EWELD/Electricity Consumption/datasets/C/C22 Manufacture of rubber and plastics products/U98.csv,/Users/anmoldeshmukh/ASU/LEAPS/EWELD/categories/industrial/C/C22 Manufacture of rubber and plastics products/U98.csv,moved,
industrial,/Users/anmoldeshmukh/ASU/LEAPS/EWELD/Electricity Consumption/datasets/C/C22 Manufacture of rubber and plastics products/U71.csv,/Users/anmoldeshmukh/ASU/LEAPS/EWELD/categories/industrial/C/C22 Manufacture of rubber and plastics products/U71.csv,moved,
industrial,/Users/anmoldeshmukh/ASU/LEAPS/EWELD/Electricity Consumption/datasets/C/C22 Manufacture of rubber and plastics products/U70.csv,/Users/anmoldeshmukh/ASU/LEAPS/EWELD/categories/industrial/C/C22 Manufacture of rubber and plastics products/U70.csv,moved,
industrial,/Users/anmoldeshmukh/ASU/LEAPS/EWELD/Electricity Consumption/datasets/C/C20 Manufacture of chemicals and chemical products/U67.csv,/Users/anmoldeshmukh/ASU/LEAPS/EWELD/categories/industrial/C/C20 Manufacture of chemicals and chemical products/U67.csv,moved,
industrial,/Users/anmoldeshmukh/ASU/LEAPS/EWELD/Electricity Consumption/datasets/C/C32 Other manufacturing/U249.csv,/Users/anmoldeshmukh/ASU/LEAPS/EWELD/categories/industrial/C/C32 Other manufacturing/U249.csv,moved,
industrial,/Users/anmoldeshmukh/ASU/LEAPS/EWELD/Electricity Consumption/datasets/C/C32 Other manufacturing/U254.csv,/Users/anmoldeshmukh/ASU/LEAPS/EWELD/categories/industrial/C/C32 Other manufacturing/U254.csv,moved,
industrial,/Users/anmoldeshmukh/ASU/LEAPS/EWELD/Electricity Consumption/datasets/C/C32 Other manufacturing/U252.csv,/Users/anmoldeshmukh/ASU/LEAPS/EWELD/categories/industrial/C/C32 Other manufacturing/U252.csv,moved,
industrial,/Users/anmoldeshmukh/ASU/LEAPS/EWELD/Electricity Consumption/datasets/C/C32 Other manufacturing/U253.csv,/Users/anmoldeshmukh/ASU/LEAPS/EWELD/categories/industrial/C/C32 Other manufacturing/U253.csv,moved,
industrial,/Users/anmoldeshmukh/ASU/LEAPS/EWELD/Electricity Consumption/datasets/C/C32 Other manufacturing/U251.csv,/Users/anmoldeshmukh/ASU/LEAPS/EWELD/categories/industrial/C/C32 Other manufacturing/U251.csv,moved,
industrial,/Users/anmoldeshmukh/ASU/LEAPS/EWELD/Electricity Consumption/datasets/C/C32 Other manufacturing/U250.csv,/Users/anmoldeshmukh/ASU/LEAPS/EWELD/categories/industrial/C/C32 Other manufacturing/U250.csv,moved,
industrial,"/Users/anmoldeshmukh/ASU/LEAPS/EWELD/Electricity Consumption/datasets/D/D35 Electricity, gas, steam and air conditioning supply/U256.csv","/Users/anmoldeshmukh/ASU/LEAPS/EWELD/categories/industrial/D/D35 Electricity, gas, steam and air conditioning supply/U256.csv",moved,
commercial,/Users/anmoldeshmukh/ASU/LEAPS/EWELD/Electricity Consumption/datasets/Q/Q86 Human health activities/U381.csv,/Users/anmoldeshmukh/ASU/LEAPS/EWELD/categories/commercial/Q/Q86 Human health activities/U381.csv,moved,
commercial,/Users/anmoldeshmukh/ASU/LEAPS/EWELD/Electricity Consumption/datasets/Q/Q86 Human health activities/U382.csv,/Users/anmoldeshmukh/ASU/LEAPS/EWELD/categories/commercial/Q/Q86 Human health activities/U382.csv,moved,
commercial,/Users/anmoldeshmukh/ASU/LEAPS/EWELD/Electricity Consumption/datasets/Q/Q87 Residential care activities/U383.csv,/Users/anmoldeshmukh/ASU/LEAPS/EWELD/categories/commercial/Q/Q87 Residential care activities/U383.csv,moved,
commercial,/Users/anmoldeshmukh/ASU/LEAPS/EWELD/Electricity Consumption/datasets/Q/Q87 Residential care activities/U384.csv,/Users/anmoldeshmukh/ASU/LEAPS/EWELD/categories/commercial/Q/Q87 Residential care activities/U384.csv,moved,
industrial,/Users/anmoldeshmukh/ASU/LEAPS/EWELD/Electricity Consumption/datasets/E/E37 Sewerage/U258.csv,/Users/anmoldeshmukh/ASU/LEAPS/EWELD/categories/industrial/E/E37 Sewerage/U258.csv,moved,
industrial,/Users/anmoldeshmukh/ASU/LEAPS/EWELD/Electricity Consumption/datasets/E/E37 Sewerage/U259.csv,/Users/anmoldeshmukh/ASU/LEAPS/EWELD/categories/industrial/E/E37 Sewerage/U259.csv,moved,
industrial,/Users/anmoldeshmukh/ASU/LEAPS/EWELD/Electricity Consumption/datasets/E/E37 Sewerage/U257.csv,/Users/anmoldeshmukh/ASU/LEAPS/EWELD/categories/industrial/E/E37 Sewerage/U257.csv,moved,
commercial,/Users/anmoldeshmukh/ASU/LEAPS/EWELD/Electricity Consumption/datasets/K/K66 Activities auxiliary to financial service and insurance activities/U298.csv,/Users/anmoldeshmukh/ASU/LEAPS/EWELD/categories/commercial/K/K66 Activities auxiliary to financial service and insurance activities/U298.csv,moved,
commercial,"/Users/anmoldeshmukh/ASU/LEAPS/EWELD/Electricity Consumption/datasets/K/K64 Financial service activities, except insurance and pension funding/U289.csv","/Users/anmoldeshmukh/ASU/LEAPS/EWELD/categories/commercial/K/K64 Financial service activities, except insurance and pension funding/U289.csv",moved,
commercial,"/Users/anmoldeshmukh/ASU/LEAPS/EWELD/Electricity Consumption/datasets/K/K64 Financial service activities, except insurance and pension funding/U288.csv","/Users/anmoldeshmukh/ASU/LEAPS/EWELD/categories/commercial/K/K64 Financial service activities, except insurance and pension funding/U288.csv",moved,
commercial,"/Users/anmoldeshmukh/ASU/LEAPS/EWELD/Electricity Consumption/datasets/K/K64 Financial service activities, except insurance and pension funding/U283.csv","/Users/anmoldeshmukh/ASU/LEAPS/EWELD/categories/commercial/K/K64 Financial service activities, except insurance and pension funding/U283.csv",moved,
commercial,"/Users/anmoldeshmukh/ASU/LEAPS/EWELD/Electricity Consumption/datasets/K/K64 Financial service activities, except insurance and pension funding/U297.csv","/Users/anmoldeshmukh/ASU/LEAPS/EWELD/categories/commercial/K/K64 Financial service activities, except insurance and pension funding/U297.csv",moved,
commercial,"/Users/anmoldeshmukh/ASU/LEAPS/EWELD/Electricity Consumption/datasets/K/K64 Financial service activities, except insurance and pension funding/U296.csv","/Users/anmoldeshmukh/ASU/LEAPS/EWELD/categories/commercial/K/K64 Financial service activities, except insurance and pension funding/U296.csv",moved,
commercial,"/Users/anmoldeshmukh/ASU/LEAPS/EWELD/Electricity Consumption/datasets/K/K64 Financial service activities, except insurance and pension funding/U282.csv","/Users/anmoldeshmukh/ASU/LEAPS/EWELD/categories/commercial/K/K64 Financial service activities, except insurance and pension funding/U282.csv",moved,
commercial,"/Users/anmoldeshmukh/ASU/LEAPS/EWELD/Electricity Consumption/datasets/K/K64 Financial service activities, except insurance and pension funding/U294.csv","/Users/anmoldeshmukh/ASU/LEAPS/EWELD/categories/commercial/K/K64 Financial service activities, except insurance and pension funding/U294.csv",moved,
commercial,"/Users/anmoldeshmukh/ASU/LEAPS/EWELD/Electricity Consumption/datasets/K/K64 Financial service activities, except insurance and pension funding/U281.csv","/Users/anmoldeshmukh/ASU/LEAPS/EWELD/categories/commercial/K/K64 Financial service activities, except insurance and pension funding/U281.csv",moved,
commercial,"/Users/anmoldeshmukh/ASU/LEAPS/EWELD/Electricity Consumption/datasets/K/K64 Financial service activities, except insurance and pension funding/U295.csv","/Users/anmoldeshmukh/ASU/LEAPS/EWELD/categories/commercial/K/K64 Financial service activities, except insurance and pension funding/U295.csv",moved,
commercial,"/Users/anmoldeshmukh/ASU/LEAPS/EWELD/Electricity Consumption/datasets/K/K64 Financial service activities, except insurance and pension funding/U291.csv","/Users/anmoldeshmukh/ASU/LEAPS/EWELD/categories/commercial/K/K64 Financial service activities, except insurance and pension funding/U291.csv",moved,
commercial,"/Users/anmoldeshmukh/ASU/LEAPS/EWELD/Electricity Consumption/datasets/K/K64 Financial service activities, except insurance and pension funding/U285.csv","/Users/anmoldeshmukh/ASU/LEAPS/EWELD/categories/commercial/K/K64 Financial service activities, except insurance and pension funding/U285.csv",moved,
commercial,"/Users/anmoldeshmukh/ASU/LEAPS/EWELD/Electricity Consumption/datasets/K/K64 Financial service activities, except insurance and pension funding/U284.csv","/Users/anmoldeshmukh/ASU/LEAPS/EWELD/categories/commercial/K/K64 Financial service activities, except insurance and pension funding/U284.csv",moved,
commercial,"/Users/anmoldeshmukh/ASU/LEAPS/EWELD/Electricity Consumption/datasets/K/K64 Financial service activities, except insurance and pension funding/U290.csv","/Users/anmoldeshmukh/ASU/LEAPS/EWELD/categories/commercial/K/K64 Financial service activities, except insurance and pension funding/U290.csv",moved,
commercial,"/Users/anmoldeshmukh/ASU/LEAPS/EWELD/Electricity Consumption/datasets/K/K64 Financial service activities, except insurance and pension funding/U286.csv","/Users/anmoldeshmukh/ASU/LEAPS/EWELD/categories/commercial/K/K64 Financial service activities, except insurance and pension funding/U286.csv",moved,
commercial,"/Users/anmoldeshmukh/ASU/LEAPS/EWELD/Electricity Consumption/datasets/K/K64 Financial service activities, except insurance and pension funding/U292.csv","/Users/anmoldeshmukh/ASU/LEAPS/EWELD/categories/commercial/K/K64 Financial service activities, except insurance and pension funding/U292.csv",moved,
commercial,"/Users/anmoldeshmukh/ASU/LEAPS/EWELD/Electricity Consumption/datasets/K/K64 Financial service activities, except insurance and pension funding/U293.csv","/Users/anmoldeshmukh/ASU/LEAPS/EWELD/categories/commercial/K/K64 Financial service activities, except insurance and pension funding/U293.csv",moved,
commercial,"/Users/anmoldeshmukh/ASU/LEAPS/EWELD/Electricity Consumption/datasets/K/K64 Financial service activities, except insurance and pension funding/U287.csv","/Users/anmoldeshmukh/ASU/LEAPS/EWELD/categories/commercial/K/K64 Financial service activities, except insurance and pension funding/U287.csv",moved,
commercial,/Users/anmoldeshmukh/ASU/LEAPS/EWELD/Electricity Consumption/datasets/L/L68 Real estate activities/U349.csv,/Users/anmoldeshmukh/ASU/LEAPS/EWELD/categories/commercial/L/L68 Real estate activities/U349.csv,moved,
commercial,/Users/anmoldeshmukh/ASU/LEAPS/EWELD/Electricity Consumption/datasets/L/L68 Real estate activities/U348.csv,/Users/anmoldeshmukh/ASU/LEAPS/EWELD/categories/commercial/L/L68 Real estate activities/U348.csv,moved,
commercial,/Users/anmoldeshmukh/ASU/LEAPS/EWELD/Electricity Consumption/datasets/L/L68 Real estate activities/U329.csv,/Users/anmoldeshmukh/ASU/LEAPS/EWELD/categories/commercial/L/L68 Real estate activities/U329.csv,moved,
commercial,/Users/anmoldeshmukh/ASU/LEAPS/EWELD/Electricity Consumption/datasets/L/L68 Real estate activities/U315.csv,/Users/anmoldeshmukh/ASU/LEAPS/EWELD/categories/commercial/L/L68 Real estate activities/U315.csv,moved,
commercial,/Users/anmoldeshmukh/ASU/LEAPS/EWELD/Electricity Consumption/datasets/L/L68 Real estate activities/U301.csv,/Users/anmoldeshmukh/ASU/LEAPS/EWELD/categories/commercial/L/L68 Real estate activities/U301.csv,moved,
commercial,/Users/anmoldeshmukh/ASU/LEAPS/EWELD/Electricity Consumption/datasets/L/L68 Real estate activities/U300.csv,/Users/anmoldeshmukh/ASU/LEAPS/EWELD/categories/commercial/L/L68 Real estate activities/U300.csv,moved,
commercial,/Users/anmoldeshmukh/ASU/LEAPS/EWELD/Electricity Consumption/datasets/L/L68 Real estate activities/U314.csv,/Users/anmoldeshmukh/ASU/LEAPS/EWELD/categories/commercial/L/L68 Real estate activities/U314.csv,moved,
commercial,/Users/anmoldeshmukh/ASU/LEAPS/EWELD/Electricity Consumption/datasets/L/L68 Real estate activities/U328.csv,/Users/anmoldeshmukh/ASU/LEAPS/EWELD/categories/commercial/L/L68 Real estate activities/U328.csv,moved,
commercial,/Users/anmoldeshmukh/ASU/LEAPS/EWELD/Electricity Consumption/datasets/L/L68 Real estate activities/U302.csv,/Users/anmoldeshmukh/ASU/LEAPS/EWELD/categories/commercial/L/L68 Real estate activities/U302.csv,moved,
commercial,/Users/anmoldeshmukh/ASU/LEAPS/EWELD/Electricity Consumption/datasets/L/L68 Real estate activities/U316.csv,/Users/anmoldeshmukh/ASU/LEAPS/EWELD/categories/commercial/L/L68 Real estate activities/U316.csv,moved,
commercial,/Users/anmoldeshmukh/ASU/LEAPS/EWELD/Electricity Consumption/datasets/L/L68 Real estate activities/U317.csv,/Users/anmoldeshmukh/ASU/LEAPS/EWELD/categories/commercial/L/L68 Real estate activities/U317.csv,moved,
commercial,/Users/anmoldeshmukh/ASU/LEAPS/EWELD/Electricity Consumption/datasets/L/L68 Real estate activities/U303.csv,/Users/anmoldeshmukh/ASU/LEAPS/EWELD/categories/commercial/L/L68 Real estate activities/U303.csv,moved,
commercial,/Users/anmoldeshmukh/ASU/LEAPS/EWELD/Electricity Consumption/datasets/L/L68 Real estate activities/U307.csv,/Users/anmoldeshmukh/ASU/LEAPS/EWELD/categories/commercial/L/L68 Real estate activities/U307.csv,moved,
commercial,/Users/anmoldeshmukh/ASU/LEAPS/EWELD/Electricity Consumption/datasets/L/L68 Real estate activities/U313.csv,/Users/anmoldeshmukh/ASU/LEAPS/EWELD/categories/commercial/L/L68 Real estate activities/U313.csv,moved,
commercial,/Users/anmoldeshmukh/ASU/LEAPS/EWELD/Electricity Consumption/datasets/L/L68 Real estate activities/U299.csv,/Users/anmoldeshmukh/ASU/LEAPS/EWELD/categories/commercial/L/L68 Real estate activities/U299.csv,moved,
commercial,/Users/anmoldeshmukh/ASU/LEAPS/EWELD/Electricity Consumption/datasets/L/L68 Real estate activities/U312.csv,/Users/anmoldeshmukh/ASU/LEAPS/EWELD/categories/commercial/L/L68 Real estate activities/U312.csv,moved,
commercial,/Users/anmoldeshmukh/ASU/LEAPS/EWELD/Electricity Consumption/datasets/L/L68 Real estate activities/U306.csv,/Users/anmoldeshmukh/ASU/LEAPS/EWELD/categories/commercial/L/L68 Real estate activities/U306.csv,moved,
commercial,/Users/anmoldeshmukh/ASU/LEAPS/EWELD/Electricity Consumption/datasets/L/L68 Real estate activities/U310.csv,/Users/anmoldeshmukh/ASU/LEAPS/EWELD/categories/commercial/L/L68 Real estate activities/U310.csv,moved,
commercial,/Users/anmoldeshmukh/ASU/LEAPS/EWELD/Electricity Consumption/datasets/L/L68 Real estate activities/U304.csv,/Users/anmoldeshmukh/ASU/LEAPS/EWELD/categories/commercial/L/L68 Real estate activities/U304.csv,moved,
commercial,/Users/anmoldeshmukh/ASU/LEAPS/EWELD/Electricity Consumption/datasets/L/L68 Real estate activities/U338.csv,/Users/anmoldeshmukh/ASU/LEAPS/EWELD/categories/commercial/L/L68 Real estate activities/U338.csv,moved,
commercial,/Users/anmoldeshmukh/ASU/LEAPS/EWELD/Electricity Consumption/datasets/L/L68 Real estate activities/U339.csv,/Users/anmoldeshmukh/ASU/LEAPS/EWELD/categories/commercial/L/L68 Real estate activities/U339.csv,moved,
commercial,/Users/anmoldeshmukh/ASU/LEAPS/EWELD/Electricity Consumption/datasets/L/L68 Real estate activities/U305.csv,/Users/anmoldeshmukh/ASU/LEAPS/EWELD/categories/commercial/L/L68 Real estate activities/U305.csv,moved,
commercial,/Users/anmoldeshmukh/ASU/LEAPS/EWELD/Electricity Consumption/datasets/L/L68 Real estate activities/U311.csv,/Users/anmoldeshmukh/ASU/LEAPS/EWELD/categories/commercial/L/L68 Real estate activities/U311.csv,moved,
commercial,/Users/anmoldeshmukh/ASU/LEAPS/EWELD/Electricity Consumption/datasets/L/L68 Real estate activities/U308.csv,/Users/anmoldeshmukh/ASU/LEAPS/EWELD/categories/commercial/L/L68 Real estate activities/U308.csv,moved,
commercial,/Users/anmoldeshmukh/ASU/LEAPS/EWELD/Electricity Consumption/datasets/L/L68 Real estate activities/U334.csv,/Users/anmoldeshmukh/ASU/LEAPS/EWELD/categories/commercial/L/L68 Real estate activities/U334.csv,moved,
commercial,/Users/anmoldeshmukh/ASU/LEAPS/EWELD/Electricity Consumption/datasets/L/L68 Real estate activities/U320.csv,/Users/anmoldeshmukh/ASU/LEAPS/EWELD/categories/commercial/L/L68 Real estate activities/U320.csv,moved,
commercial,/Users/anmoldeshmukh/ASU/LEAPS/EWELD/Electricity Consumption/datasets/L/L68 Real estate activities/U321.csv,/Users/anmoldeshmukh/ASU/LEAPS/EWELD/categories/commercial/L/L68 Real estate activities/U321.csv,moved,
commercial,/Users/anmoldeshmukh/ASU/LEAPS/EWELD/Electricity Consumption/datasets/L/L68 Real estate activities/U335.csv,/Users/anmoldeshmukh/ASU/LEAPS/EWELD/categories/commercial/L/L68 Real estate activities/U335.csv,moved,
commercial,/Users/anmoldeshmukh/ASU/LEAPS/EWELD/Electricity Consumption/datasets/L/L68 Real estate activities/U309.csv,/Users/anmoldeshmukh/ASU/LEAPS/EWELD/categories/commercial/L/L68 Real estate activities/U309.csv,moved,
commercial,/Users/anmoldeshmukh/ASU/LEAPS/EWELD/Electricity Consumption/datasets/L/L68 Real estate activities/U323.csv,/Users/anmoldeshmukh/ASU/LEAPS/EWELD/categories/commercial/L/L68 Real estate activities/U323.csv,moved,
commercial,/Users/anmoldeshmukh/ASU/LEAPS/EWELD/Electricity Consumption/datasets/L/L68 Real estate activities/U337.csv,/Users/anmoldeshmukh/ASU/LEAPS/EWELD/categories/commercial/L/L68 Real estate activities/U337.csv,moved,
commercial,/Users/anmoldeshmukh/ASU/LEAPS/EWELD/Electricity Consumption/datasets/L/L68 Real estate activities/U336.csv,/Users/anmoldeshmukh/ASU/LEAPS/EWELD/categories/commercial/L/L68 Real estate activities/U336.csv,moved,
commercial,/Users/anmoldeshmukh/ASU/LEAPS/EWELD/Electricity Consumption/datasets/L/L68 Real estate activities/U322.csv,/Users/anmoldeshmukh/ASU/LEAPS/EWELD/categories/commercial/L/L68 Real estate activities/U322.csv,moved,
commercial,/Users/anmoldeshmukh/ASU/LEAPS/EWELD/Electricity Consumption/datasets/L/L68 Real estate activities/U326.csv,/Users/anmoldeshmukh/ASU/LEAPS/EWELD/categories/commercial/L/L68 Real estate activities/U326.csv,moved,
commercial,/Users/anmoldeshmukh/ASU/LEAPS/EWELD/Electricity Consumption/datasets/L/L68 Real estate activities/U332.csv,/Users/anmoldeshmukh/ASU/LEAPS/EWELD/categories/commercial/L/L68 Real estate activities/U332.csv,moved,
commercial,/Users/anmoldeshmukh/ASU/LEAPS/EWELD/Electricity Consumption/datasets/L/L68 Real estate activities/U333.csv,/Users/anmoldeshmukh/ASU/LEAPS/EWELD/categories/commercial/L/L68 Real estate activities/U333.csv,moved,
commercial,/Users/anmoldeshmukh/ASU/LEAPS/EWELD/Electricity Consumption/datasets/L/L68 Real estate activities/U327.csv,/Users/anmoldeshmukh/ASU/LEAPS/EWELD/categories/commercial/L/L68 Real estate activities/U327.csv,moved,
commercial,/Users/anmoldeshmukh/ASU/LEAPS/EWELD/Electricity Consumption/datasets/L/L68 Real estate activities/U331.csv,/Users/anmoldeshmukh/ASU/LEAPS/EWELD/categories/commercial/L/L68 Real estate activities/U331.csv,moved,
commercial,/Users/anmoldeshmukh/ASU/LEAPS/EWELD/Electricity Consumption/datasets/L/L68 Real estate activities/U325.csv,/Users/anmoldeshmukh/ASU/LEAPS/EWELD/categories/commercial/L/L68 Real estate activities/U325.csv,moved,
commercial,/Users/anmoldeshmukh/ASU/LEAPS/EWELD/Electricity Consumption/datasets/L/L68 Real estate activities/U319.csv,/Users/anmoldeshmukh/ASU/LEAPS/EWELD/categories/commercial/L/L68 Real estate activities/U319.csv,moved,
commercial,/Users/anmoldeshmukh/ASU/LEAPS/EWELD/Electricity Consumption/datasets/L/L68 Real estate activities/U318.csv,/Users/anmoldeshmukh/ASU/LEAPS/EWELD/categories/commercial/L/L68 Real estate activities/U318.csv,moved,
commercial,/Users/anmoldeshmukh/ASU/LEAPS/EWELD/Electricity Consumption/datasets/L/L68 Real estate activities/U324.csv,/Users/anmoldeshmukh/ASU/LEAPS/EWELD/categories/commercial/L/L68 Real estate activities/U324.csv,moved,
commercial,/Users/anmoldeshmukh/ASU/LEAPS/EWELD/Electricity Consumption/datasets/L/L68 Real estate activities/U330.csv,/Users/anmoldeshmukh/ASU/LEAPS/EWELD/categories/commercial/L/L68 Real estate activities/U330.csv,moved,
commercial,/Users/anmoldeshmukh/ASU/LEAPS/EWELD/Electricity Consumption/datasets/L/L68 Real estate activities/U343.csv,/Users/anmoldeshmukh/ASU/LEAPS/EWELD/categories/commercial/L/L68 Real estate activities/U343.csv,moved,
commercial,/Users/anmoldeshmukh/ASU/LEAPS/EWELD/Electricity Consumption/datasets/L/L68 Real estate activities/U342.csv,/Users/anmoldeshmukh/ASU/LEAPS/EWELD/categories/commercial/L/L68 Real estate activities/U342.csv,moved,
commercial,/Users/anmoldeshmukh/ASU/LEAPS/EWELD/Electricity Consumption/datasets/L/L68 Real estate activities/U340.csv,/Users/anmoldeshmukh/ASU/LEAPS/EWELD/categories/commercial/L/L68 Real estate activities/U340.csv,moved,
commercial,/Users/anmoldeshmukh/ASU/LEAPS/EWELD/Electricity Consumption/datasets/L/L68 Real estate activities/U341.csv,/Users/anmoldeshmukh/ASU/LEAPS/EWELD/categories/commercial/L/L68 Real estate activities/U341.csv,moved,
commercial,/Users/anmoldeshmukh/ASU/LEAPS/EWELD/Electricity Consumption/datasets/L/L68 Real estate activities/U345.csv,/Users/anmoldeshmukh/ASU/LEAPS/EWELD/categories/commercial/L/L68 Real estate activities/U345.csv,moved,
commercial,/Users/anmoldeshmukh/ASU/LEAPS/EWELD/Electricity Consumption/datasets/L/L68 Real estate activities/U351.csv,/Users/anmoldeshmukh/ASU/LEAPS/EWELD/categories/commercial/L/L68 Real estate activities/U351.csv,moved,
commercial,/Users/anmoldeshmukh/ASU/LEAPS/EWELD/Electricity Consumption/datasets/L/L68 Real estate activities/U350.csv,/Users/anmoldeshmukh/ASU/LEAPS/EWELD/categories/commercial/L/L68 Real estate activities/U350.csv,moved,
commercial,/Users/anmoldeshmukh/ASU/LEAPS/EWELD/Electricity Consumption/datasets/L/L68 Real estate activities/U344.csv,/Users/anmoldeshmukh/ASU/LEAPS/EWELD/categories/commercial/L/L68 Real estate activities/U344.csv,moved,
commercial,/Users/anmoldeshmukh/ASU/LEAPS/EWELD/Electricity Consumption/datasets/L/L68 Real estate activities/U352.csv,/Users/anmoldeshmukh/ASU/LEAPS/EWELD/categories/commercial/L/L68 Real estate activities/U352.csv,moved,
commercial,/Users/anmoldeshmukh/ASU/LEAPS/EWELD/Electricity Consumption/datasets/L/L68 Real estate activities/U346.csv,/Users/anmoldeshmukh/ASU/LEAPS/EWELD/categories/commercial/L/L68 Real estate activities/U346.csv,moved,
commercial,/Users/anmoldeshmukh/ASU/LEAPS/EWELD/Electricity Consumption/datasets/L/L68 Real estate activities/U347.csv,/Users/anmoldeshmukh/ASU/LEAPS/EWELD/categories/commercial/L/L68 Real estate activities/U347.csv,moved,
commercial,/Users/anmoldeshmukh/ASU/LEAPS/EWELD/Electricity Consumption/datasets/P/P85 Education/U376.csv,/Users/anmoldeshmukh/ASU/LEAPS/EWELD/categories/commercial/P/P85 Education/U376.csv,moved,
commercial,/Users/anmoldeshmukh/ASU/LEAPS/EWELD/Electricity Consumption/datasets/P/P85 Education/U377.csv,/Users/anmoldeshmukh/ASU/LEAPS/EWELD/categories/commercial/P/P85 Education/U377.csv,moved,
commercial,/Users/anmoldeshmukh/ASU/LEAPS/EWELD/Electricity Consumption/datasets/P/P85 Education/U375.csv,/Users/anmoldeshmukh/ASU/LEAPS/EWELD/categories/commercial/P/P85 Education/U375.csv,moved,
commercial,/Users/anmoldeshmukh/ASU/LEAPS/EWELD/Electricity Consumption/datasets/P/P85 Education/U380.csv,/Users/anmoldeshmukh/ASU/LEAPS/EWELD/categories/commercial/P/P85 Education/U380.csv,moved,
commercial,/Users/anmoldeshmukh/ASU/LEAPS/EWELD/Electricity Consumption/datasets/P/P85 Education/U379.csv,/Users/anmoldeshmukh/ASU/LEAPS/EWELD/categories/commercial/P/P85 Education/U379.csv,moved,
commercial,/Users/anmoldeshmukh/ASU/LEAPS/EWELD/Electricity Consumption/datasets/P/P85 Education/U378.csv,/Users/anmoldeshmukh/ASU/LEAPS/EWELD/categories/commercial/P/P85 Education/U378.csv,moved,
